Bmax (T) =,0.04839316678915797,Freq(Hz) =,100000.0,Hc =,22.811035390093323,Br (T) =,0.016631797528954877,Hmax =,73.18399302765555,µr =,2000.0,W(J/m³) =,3.124924351088562,P(W/m³) =,312492.4351088562
temps (s),ChampH (A/m),ChampB (T),dB/dt (T/s)
0.0,22.698011349982348,-6.332921329584597e-05,31245.65918131389
8e-09,23.006450000764488,0.00018800153655833718,31233.287857516425
1.6e-08,23.32072883119859,0.00043899589629787356,31219.85924499072
2.4e-08,23.635085847668243,0.0006898130115242756,31205.429063708798
3.2e-08,23.946662967300536,0.0009405452490965064,31190.074864513525
4e-08,24.24919980929539,0.0011912456575484556,31173.876550330813
4.8e-08,24.552503512081962,0.001442083368087999,31155.4168302696
5.6e-08,24.854729706317556,0.0016928586685877125,31136.527702630727
6.4e-08,25.163693730568003,0.001943271990856426,31117.182577590484
7.2e-08,25.470420889071917,0.002193183536404948,31097.0007510963
8e-08,25.775019447809502,0.0024430526431263584,31078.1745813645
8.8e-08,26.07942356661695,0.002692844361398381,31057.514864787467
9.6e-08,26.381488532510925,0.002942458835157321,31035.832421008465
1.04e-07,26.677796532390243,0.0031920289977879586,31014.242848688158
1.12e-07,26.970729150316508,0.003441429405110262,30991.967262288123
1.2e-07,27.265664691705194,0.003690587661478056,30967.578624031205
1.28e-07,27.562530932362556,0.003939569297433113,30942.568325492415
1.36e-07,27.860005292197275,0.00418844483632046,30917.40188666147
1.44e-07,28.15243235935493,0.00443717433571461,30892.421182787504
1.52e-07,28.44737975734941,0.004685450738219634,30866.851810541713
1.6e-07,28.738720561092055,0.004933624164158908,30842.19365531447
1.68e-07,29.03505326661101,0.005181954863398555,30814.659436794125
1.76e-07,29.32471151769758,0.0054299366905155855,30787.662853982296
1.84e-07,29.61806809070384,0.005677451690534675,30760.235533258703
1.92e-07,29.906664881803145,0.0059245866134112115,30730.884541996118
2e-07,30.199919309879714,0.006171417599393785,30701.618428949627
2.08e-07,30.487396840139525,0.006418025781534196,30670.402733584666
2.16e-07,30.778693526899414,0.006664394933222039,30639.032598189053
2.24e-07,31.066880457336612,0.00691052255805575,30607.495517809963
2.32e-07,31.35596644515407,0.007156424882645704,30575.1806626113
2.4e-07,31.641952836105673,0.007402139977116148,30542.31199791378
2.48e-07,31.924144370497423,0.00764798738087103,30508.064425810862
2.56e-07,32.20678365480555,0.00789374803467055,30474.76892617042
2.64e-07,32.487597538239086,0.00813913922103431,30440.74528426854
2.72e-07,32.77082427206677,0.008384011779967076,30406.06660713599
2.8e-07,33.05311561902064,0.008628053661269725,30369.600914881423
2.88e-07,33.333273695815954,0.008871512008700006,30331.932990701833
2.96e-07,33.61041889520754,0.009115001561150176,30293.836208216584
3.04e-07,33.885679130261884,0.009358578487656104,30256.930705930576
3.12e-07,34.159740500917714,0.009601976921448128,30218.386662887628
3.2e-07,34.432512502262554,0.009845311696999547,30180.115809398583
3.28e-07,34.710409866752315,0.010088182765955021,30139.236574933886
3.36e-07,34.988512712338334,0.010330495889154427,30099.422408912313
3.44e-07,35.26737306015189,0.01057242519060892,30059.528451879574
3.52e-07,35.53848672230718,0.01081393010379255,30018.119886343648
3.6e-07,35.805933837211846,0.011055131704182618,29975.778526716644
3.68e-07,36.071448242938565,0.011296094274120167,29933.615921187735
3.76e-07,36.34310880730059,0.011536805331597186,29891.10727802338
3.84e-07,36.61912042353191,0.011777226182389005,29847.36559406426
3.92e-07,36.89185379534228,0.01201728817545181,29803.512730046885
4e-07,37.159315506536025,0.012256925780243807,29759.533088612123
4.08e-07,37.41849814129638,0.012496171449985657,29714.642976569434
4.16e-07,37.67946131158674,0.012735000220661456,29667.73465926022
4.24e-07,37.942128557614446,0.012973435808086364,29620.707001480347
4.32e-07,38.20695881674009,0.013211400199710543,29572.114154875606
4.4e-07,38.47540190188687,0.013448922728252738,29524.901939350926
4.48e-07,38.74167179427474,0.013686414051775017,29476.77872174023
4.56e-07,39.000023630985446,0.01392372875488461,29428.88557840422
4.64e-07,39.25884999377393,0.014160572886293871,29379.62088921916
4.72e-07,39.51392445888315,0.014397186100555768,29328.118280334777
4.8e-07,39.77352738692263,0.014633260716173971,29277.394038153914
4.88e-07,40.02670899433572,0.014868781754738875,29224.567357756325
4.96e-07,40.29124653001944,0.015103951424779547,29171.286875640737
5.04e-07,40.54883521946201,0.015338472654506403,29116.47613287614
5.12e-07,40.80292690440908,0.015572357925927434,29061.94694751821
5.2e-07,41.04985826057677,0.01580596360037001,29007.628257438955
5.28e-07,41.29959976243314,0.016039511857575947,28951.965871897308
5.36e-07,41.5511893091719,0.01627289098357397,28896.60675616272
5.44e-07,41.80335275409997,0.016505740872434227,28839.348394934794
5.52e-07,42.05920977539598,0.01673808274357028,28779.955883341845
5.6e-07,42.30539441188911,0.016969681311131978,28721.601006559114
5.68e-07,42.54997739477556,0.017200637679383873,28662.340432169152
5.76e-07,42.79085422461218,0.01743105357669083,28602.27510728752
5.84e-07,43.039532327690715,0.017660661263982008,28541.48820424964
5.92e-07,43.28442494166336,0.01788992944065655,28480.52557162184
6e-07,43.53054396314558,0.018118668380193322,28419.25341085726
6.08e-07,43.77268602236984,0.018347141452960423,28356.572092923077
6.16e-07,44.017268237498435,0.01857555648439051,28292.644139125943
6.24e-07,44.251113036550585,0.018803403584458134,28229.06274601359
6.32e-07,44.491174741912175,0.01903063032872987,28163.215230213555
6.4e-07,44.73303507360336,0.01925731847435789,28097.096353893314
6.48e-07,44.97394321987884,0.01948340311490079,28030.8928035195
6.56e-07,45.21487837345126,0.019708660822415947,27963.611857221244
6.64e-07,45.450126080270586,0.019933248246103347,27896.141380229325
6.72e-07,45.68588511301395,0.02015736697039166,27827.542908260817
6.8e-07,45.92052117381884,0.020381105617537396,27756.799265366895
6.88e-07,46.15192971717651,0.020604690111884757,27684.894814462677
6.96e-07,46.38343549423812,0.02082812170163454,27613.682234666863
7.04e-07,46.61729339932097,0.021050829959022736,27541.3701180859
7.12e-07,46.8525981368102,0.021272617668323442,27468.81709678452
7.2e-07,47.0852232458299,0.021493567210789252,27395.362830116726
7.28e-07,47.31178504132792,0.021713952566495043,27319.97559415111
7.36e-07,47.53429172005082,0.02193374128222005,27244.2649320147
7.44e-07,47.76212192587844,0.02215270493721853,27167.05579255353
7.52e-07,47.99035542116907,0.022371274160765297,27089.609339009534
7.6e-07,48.21769538936057,0.02258957127653843,27010.837930809095
7.68e-07,48.44518212456833,0.0228071943638814,26931.14580735144
7.76e-07,48.66816916109597,0.023023893782634912,26851.047393972578
7.84e-07,48.88934301622146,0.023240092048768625,26771.570329012677
7.92e-07,49.1077729783122,0.023455622527476152,26690.2710936475
8e-07,49.33193691813105,0.023670163182952005,26608.424435885394
8.08e-07,49.55129599653429,0.023884067256021612,26525.22372094599
8.16e-07,49.77107369612089,0.024097506998394917,26440.729246536557
8.24e-07,49.98391995413277,0.02431043123383924,26356.352717175192
8.32e-07,50.197558469558075,0.02452282186344299,26270.69218599992
8.4e-07,50.41371223811224,0.024734332511485206,26183.742690831863
8.48e-07,50.62594634743024,0.024944953192359422,26097.44406663518
8.56e-07,50.839168893265416,0.025154791251334248,26008.822525584375
8.64e-07,51.046367153539286,0.02536364198347898,25919.390331123534
8.72e-07,51.259064625735824,0.025571988442501865,25830.530748778106
8.8e-07,51.46693340692923,0.02577971704213049,25740.421197944786
8.88e-07,51.67454904704319,0.02598677036512818,25649.87242943223
8.96e-07,51.87523018909799,0.0261933943070518,25558.73392256779
9.04e-07,52.080187296303826,0.026399601974009812,25465.65537376719
9.12e-07,52.289121017448,0.0266050913014094,25370.37528552548
9.2e-07,52.49644950804209,0.02680929310968729,25274.96879447649
9.28e-07,52.69954668304941,0.027012669233138296,25179.86927859657
9.36e-07,52.901787542160456,0.02721526211058946,25084.503600847853
9.44e-07,53.10394065624657,0.02741718720061442,24987.237918083898
9.52e-07,53.30470175664535,0.027618801488641074,24890.95203595248
9.6e-07,53.50200970768558,0.027819686203302135,24793.545309682693
9.68e-07,53.69863621867317,0.02801979640936889,24694.764303846798
9.76e-07,53.89560984995903,0.02821912586583743,24594.21220615871
9.84e-07,54.095730936902804,0.028417476108781026,24492.299381829063
9.92e-07,54.29480209800676,0.02861471794941732,24390.03375862021
1e-06,54.48587426235963,0.028810768382393295,24287.048606840577
1.008e-06,54.67508978455846,0.02900601247765464,24184.82393881559
1.016e-06,54.8625085173894,0.029200694882557575,24081.442983387475
1.024e-06,55.0555167359199,0.02939434502540175,23977.69217636095
1.032e-06,55.24796384064166,0.029587243127265957,23873.310335840015
1.04e-06,55.43840189600148,0.029779613240193258,23768.160333462503
1.048e-06,55.62615412425726,0.02997123380854222,23661.556682412353
1.056e-06,55.81179334065577,0.030162137909633912,23553.305350587492
1.064e-06,55.99669260092229,0.030352073406907515,23444.429585429603
1.072e-06,56.18220306109561,0.030540865552251464,23335.332900999216
1.08e-06,56.369050771192455,0.03072866100925931,23226.34323424083
1.088e-06,56.55595165700659,0.030915668227464173,23117.77278426108
1.096e-06,56.74004681214376,0.031101745536075552,23009.361160059525
1.104e-06,56.923371812403936,0.031286964082538934,22899.277201993697
1.112e-06,57.10392093079625,0.03147133322836026,22788.256969709106
1.12e-06,57.28552158408721,0.03165494034759524,22676.173054102175
1.128e-06,57.457262048497434,0.03183785658768936,22563.33417415189
1.136e-06,57.635877198588965,0.0320198204505757,22448.90787835573
1.144e-06,57.811653636742356,0.03220087063047892,22334.693959785658
1.152e-06,57.99648841343067,0.0323809297389497,22221.651564479067
1.16e-06,58.17439240962419,0.032560063306529836,22108.74791865977
1.168e-06,58.347642832299975,0.03273853532768775,21994.105904115568
1.176e-06,58.51619475711717,0.03291611114067377,21878.981122533467
1.184e-06,58.67966628273042,0.03309232766299233,21764.12062883319
1.192e-06,58.85376271475935,0.03326746761212382,21648.313792331664
1.2e-06,59.02376635411475,0.03344177189082204,21531.49948649683
1.208e-06,59.20399871581979,0.033615150004529214,21413.169261491767
1.216e-06,59.373185969152814,0.0337877835664612,21295.139157696034
1.224e-06,59.539923433240794,0.03395930310918229,21177.86386652658
1.232e-06,59.700621083662746,0.03412960191152431,21060.49132938916
1.24e-06,59.86150544552183,0.03429907128443704,20941.804914815406
1.248e-06,60.023773324009184,0.03446763196716987,20822.83827738345
1.256e-06,60.19303328481931,0.03463545933193469,20702.60840324271
1.264e-06,60.362194535405955,0.03480268880851799,20582.27057630955
1.272e-06,60.52906276805284,0.03496880738639234,20462.75268281473
1.28e-06,60.687423443569166,0.035133605367823895,20341.173962791214
1.288e-06,60.846149466763364,0.03529730430845411,20219.030278317114
1.296e-06,60.99988912331134,0.03545991981079291,20098.07745588376
1.304e-06,61.16068392581247,0.035621546114000396,19978.4438378421
1.312e-06,61.32251568308633,0.03578263007396181,19858.114863881732
1.32e-06,61.48603793001621,0.03594308618892255,19736.19742984989
1.328e-06,61.642691200150566,0.036102515034627684,19614.601169645775
1.336e-06,61.79577554789066,0.0362608741722502,19492.20154828513
1.344e-06,61.94783363612894,0.03641841199374854,19370.107258960044
1.352e-06,62.100162380831975,0.03657481894532522,19248.43415171175
1.36e-06,62.25877630895474,0.03672960385996677,19126.61817286042
1.368e-06,62.4165336100373,0.03688345137581007,19004.110704534745
1.376e-06,62.57045213638601,0.037036652323640784,18882.128451251952
1.384e-06,62.71514539990316,0.03718894458129159,18760.230338203397
1.392e-06,62.86656107200844,0.03734043050122779,18636.635066348645
1.4e-06,63.01444941884005,0.03749076370772839,18512.309655560723
1.408e-06,63.166493347198916,0.03763991112347226,18388.217643711956
1.416e-06,63.3100055518345,0.03778823909539315,18264.703659435632
1.424e-06,63.462875052640605,0.0379355772440824,18140.1757110237
1.432e-06,63.611986437737116,0.03808172585741253,18016.58499911017
1.44e-06,63.75762521364189,0.03822686717269979,17892.98706705557
1.448e-06,63.90509721185344,0.03837116907295139,17769.46760410676
1.456e-06,64.0426923996308,0.03851465152938005,17646.526382258166
1.464e-06,64.18602111417955,0.038657254004247105,17523.007845064534
1.472e-06,64.32703759987064,0.038798808614545474,17398.539690977523
1.48e-06,64.47134547722979,0.03893922236931575,17275.369126748697
1.488e-06,64.60998073202795,0.03907858077031256,17151.060240948053
1.496e-06,64.75099248913881,0.03921692063945937,17025.636257995982
1.504e-06,64.89095046949807,0.039354253834663726,16900.968844591447
1.512e-06,65.02980688058338,0.03949066710588104,16776.19192329441
1.52e-06,65.16449483928702,0.03962606683805155,16652.073649874055
1.528e-06,65.30047862212484,0.03976069018932656,16528.41527307775
1.536e-06,65.43805091051394,0.03989468756790213,16403.97384976148
1.544e-06,65.57412092629772,0.04002758715387712,16279.937248831407
1.552e-06,65.70885534566607,0.040159070031947984,16156.131916713903
1.56e-06,65.84752661396479,0.04028928473800956,16032.717767897762
1.568e-06,65.97536765719289,0.04041862632761395,15908.128641913176
1.576e-06,66.1060587008241,0.040547016164110924,15784.286631722462
1.584e-06,66.23324891652578,0.04067434815043283,15659.484730956827
1.592e-06,66.36437682245881,0.040800591081559714,15535.154682964332
1.6e-06,66.49047136365046,0.04092574870209402,15410.884296310187
1.608e-06,66.62036759121422,0.04105034088766747,15287.511862668078
1.616e-06,66.74276968666237,0.041174252803806766,15163.756437978895
1.624e-06,66.86920625024008,0.04129685910191289,15038.401715280268
1.632e-06,66.99699005590774,0.04141824965244316,14913.7787254807
1.64e-06,67.12338579901257,0.04153862916032818,14789.205305023843
1.648e-06,67.24693064626607,0.04165803070288912,14664.625475456738
1.656e-06,67.3644239250768,0.041776554136189685,14540.674200401798
1.664e-06,67.48423788293054,0.04189394233086574,14416.5308665034
1.672e-06,67.59791527750592,0.04201011415386557,14293.465518072055
1.68e-06,67.72024146756343,0.042125504603166754,14169.36785897629
1.688e-06,67.84071805944319,0.042240485642606636,14045.03833637444
1.696e-06,67.96529975236705,0.042354496830027615,13919.824895059037
1.704e-06,68.0852832254984,0.04246707196243214,13793.41862734128
1.712e-06,68.20179827331415,0.04257840825554606,13669.028713847949
1.72e-06,68.31367778588104,0.04268868420208332,13545.081673759989
1.728e-06,68.42466904463296,0.04279807579835619,13421.276812714683
1.736e-06,68.53450472921519,0.04290642764336554,13296.50791790693
1.744e-06,68.64858063618331,0.04301387828739978,13173.159961755919
1.752e-06,68.76409968385488,0.04312051260811304,13047.914034254121
1.76e-06,68.88016504296372,0.043226074724342076,12922.422798958623
1.768e-06,68.98802050062203,0.043330837992061305,12797.976577355445
1.776e-06,69.0932759640801,0.043434643265669155,12672.241786036646
1.784e-06,69.1960461379781,0.04353707177379841,12547.60226656717
1.792e-06,69.29956753384437,0.043638557890326266,12421.801283988012
1.8e-06,69.40991490317631,0.04373922393893075,12295.08224962933
1.808e-06,69.51687505092089,0.043838943227231066,12167.970866463686
1.816e-06,69.6246274972954,0.043937635870376204,12042.184943678127
1.824e-06,69.72106227479357,0.04403516643857973,11915.708116746448
1.832e-06,69.82207001365913,0.04413171529685677,11788.402437846891
1.84e-06,69.92051503256435,0.044227268090898136,11662.482841072373
1.848e-06,70.02235413600407,0.04432186413902896,11535.622350200234
1.856e-06,70.11929185712683,0.04441540046468348,11408.459226826464
1.864e-06,70.21502965919416,0.04450780030351272,11281.447797123168
1.872e-06,70.30930756404095,0.044599282714756515,11153.28568792969
1.88e-06,70.40117368608104,0.04468947198997506,11024.849914364013
1.888e-06,70.49299415077371,0.04477861589702646,10896.925197921455
1.896e-06,70.58376430413131,0.0448672474176509,10769.336509064648
1.904e-06,70.67575765577072,0.04495496712759345,10641.006482774523
1.912e-06,70.76684378270262,0.045041522266192784,10512.463782379811
1.92e-06,70.85516533239499,0.045127030788424206,10383.727876366518
1.928e-06,70.94032150372846,0.045211427787846294,10254.96314223429
1.936e-06,71.02256590732699,0.045294846197843866,10125.975068848413
1.944e-06,71.10095118252697,0.04537734842845676,9996.132324899487
1.952e-06,71.18172278734028,0.045458579366558366,9864.845270839021
1.96e-06,71.26082937266243,0.04553858519557813,9733.514734849687
1.968e-06,71.34370516900759,0.04561803432704264,9602.502393601377
1.976e-06,71.41947297341409,0.04569664778807383,9470.589325353369
1.984e-06,71.49820560247232,0.04577387949082324,9338.312071484432
1.992e-06,71.5678892030699,0.0458500389890884,9205.823788517444
2e-06,71.64163193541208,0.04592508883684541,9072.887836667747
2.008e-06,71.70816217427348,0.04599881371945687,8939.793411641589
2.016e-06,71.78010526927018,0.04607151133281276,8807.32753644498
2.024e-06,71.84848722289644,0.0461434974717146,8674.238724482653
2.032e-06,71.91611426931676,0.04621435898169874,8539.463782234958
2.04e-06,71.9820985127338,0.04628402845992216,8404.950620791102
2.048e-06,72.04664740293664,0.04635262261315933,8269.97614857011
2.056e-06,72.10629513145189,0.046420174518731386,8134.512462271681
2.064e-06,72.16202366623476,0.046486910100982486,7998.160728588324
2.072e-06,72.22271602871774,0.04655219901851036,7860.210584253162
2.08e-06,72.28594454108216,0.04661598822278117,7724.497406702927
2.088e-06,72.34566032446193,0.04667880570273184,7589.551452611031
2.096e-06,72.39969818694327,0.04674062150154329,7452.196778162027
2.104e-06,72.44726481483961,0.04680180196614928,7315.2941176044305
2.112e-06,72.49384195560273,0.046862068123671774,7177.013301671157
2.12e-06,72.54047444120116,0.04692092568659536,7039.007225241027
2.128e-06,72.58632992109801,0.04697845828437339,6899.676591241113
2.136e-06,72.63448285899959,0.047034980463606595,6759.533111425644
2.144e-06,72.68268676309215,0.04709040360203843,6619.848931199431
2.152e-06,72.72597236833363,0.04714466029682588,6480.202663386669
2.16e-06,72.76506867939622,0.047197648195503615,6339.336075132769
2.168e-06,72.80034887589622,0.04724920877657048,6199.846228569736
2.176e-06,72.83306465851958,0.047299922453396884,6059.730062511945
2.184e-06,72.86599786693513,0.04734954395452628,5918.928244809659
2.192e-06,72.89921395452053,0.04739815628531166,5778.414434831389
2.2e-06,72.93180225054776,0.04744596664708525,5636.63408501994
2.208e-06,72.96277640356845,0.04749273288889251,5494.188866463136
2.216e-06,72.99576381488052,0.04753821161157812,5351.014276923837
2.224e-06,73.02170253182993,0.04758229297347197,5207.192465583673
2.232e-06,73.0426383818045,0.04762532647079711,5064.27754872998
2.24e-06,73.06005914214111,0.04766691267929863,4921.088670157327
2.248e-06,73.07592885057913,0.04770722821938925,4777.361720391953
2.256e-06,73.09806088184055,0.047746765506283206,4633.485601359793
2.264e-06,73.11661837960999,0.0477852018800746,4489.11459056613
2.272e-06,73.13038655699924,0.04782260037490364,4344.090078101815
2.28e-06,73.14121241473987,0.04785897721738071,4196.956202753412
2.288e-06,73.15207895394886,0.047893952330363226,4050.716546491049
2.296e-06,73.1620696681304,0.04792735658264327,3905.336318339797
2.304e-06,73.16972209575265,0.04795950264852037,3759.4469669899886
2.312e-06,73.1739956751971,0.0479906233174431,3613.2243283271737
2.32e-06,73.17837639322997,0.048020478310758105,3467.6736357306995
2.328e-06,73.17817420217813,0.04804926047548847,3320.6725933716248
2.336e-06,73.17347098867003,0.04807717264426363,3173.925081965838
2.344e-06,73.16807776046633,0.0481039907650406,3027.4483199975393
2.352e-06,73.16398850190346,0.048129697363008234,2879.7616746932795
2.36e-06,73.15463097055652,0.04815418571699841,2732.342271071343
2.368e-06,73.14753286329827,0.048177359091449413,2586.3043086237717
2.376e-06,73.13300727742886,0.048199364149954835,2439.873400802683
2.384e-06,73.11645407538796,0.04822027578456246,2291.805879125255
2.392e-06,73.10044747410787,0.048239863702225334,2144.887344636962
2.4e-06,73.07966943069941,0.04825812603064226,1997.189709209393
2.408e-06,73.06216795719159,0.048275593879252156,1849.1633403226344
2.416e-06,73.04705157922733,0.04829192087233401,1701.0611105527564
2.424e-06,73.03053121136139,0.048306580893252044,1553.6117690295132
2.432e-06,73.0039976768415,0.04832023673662924,1405.9251485431712
2.44e-06,72.97184591419244,0.048332859693847284,1258.1827111544615
2.448e-06,72.9388251377403,0.04834415456541778,1110.1963281479639
2.456e-06,72.90658073015477,0.048354427160535896,962.2458547957602
2.464e-06,72.87578585344255,0.048363540801214404,814.9438263463446
2.472e-06,72.84650003550676,0.048371703312885914,665.5437852300843
2.48e-06,72.81315514724707,0.04837851839179754,516.471308789553
2.488e-06,72.77407333710998,0.048383738270091174,368.2672712374162
2.496e-06,72.72738695006105,0.04838806630891564,219.34798409812709
2.504e-06,72.6786220057029,0.04839111057322085,72.22311624916499
2.512e-06,72.62845398790343,0.04839274437062594,-74.93509142892093
2.52e-06,72.58350749936528,0.04839316678915797,-222.5694697296127
2.528e-06,72.53538250946596,0.04839254945642645,-371.16560650473906
2.536e-06,72.4864829036125,0.04839105463853496,-518.9199541527753
2.544e-06,72.43024303401579,0.04838836466838075,-667.1231385304469
2.552e-06,72.36600979492891,0.0483843459884786,-814.4267899780475
2.56e-06,72.3017345990875,0.048379193942253165,-962.9941009755493
2.568e-06,72.23989516515095,0.04837283613405825,-1111.8064088403848
2.576e-06,72.18055157219197,0.04836495302448993,-1258.8436399382665
2.584e-06,72.11610295520596,0.04835563385990518,-1407.0788305331673
2.592e-06,72.04749538502344,0.04834504153050792,-1554.348858384505
2.6e-06,71.9669219482108,0.04833347685269014,-1700.3931292658754
2.608e-06,71.88952546512107,0.048321114574563354,-1846.6882296935728
2.616e-06,71.81042554636163,0.04830776809010848,-1993.3624121121397
2.624e-06,71.73743562322606,0.04829330696234226,-2138.8186322600427
2.632e-06,71.6570049950318,0.048277467820896654,-2284.136752400843
2.64e-06,71.57300574750559,0.0482601183564872,-2431.6211616422197
2.648e-06,71.48677307863706,0.04824168108508353,-2578.2732158431813
2.656e-06,71.39560544976385,0.04822202993840521,-2723.8701615466016
2.664e-06,71.30604827138596,0.0482010669326897,-2868.831239880769
2.672e-06,71.21008439049123,0.048179156542569594,-3013.940255951078
2.68e-06,71.11836572483314,0.04815637865289588,-3158.617228593508
2.688e-06,71.02118521281501,0.048132583479572964,-3304.1825787460016
2.696e-06,70.92391316466434,0.04810754821875866,-3449.5881389675933
2.704e-06,70.81479801032404,0.048081279735557356,-3594.5102522339744
2.712e-06,70.70481245779207,0.048053847305113244,-3739.0442596208554
2.72e-06,70.59337023747138,0.04802504497429492,-3884.135502315774
2.728e-06,70.48754687403321,0.047995100539747725,-4027.67181020033
2.736e-06,70.3746922613073,0.04796428174054254,-4171.91312255453
2.744e-06,70.26376317720289,0.047932220357444384,-4315.353762984353
2.752e-06,70.14305394499473,0.04789894821957355,-4458.259456937808
2.76e-06,70.0228407498231,0.04786449715605036,-4602.105766372611
2.768e-06,69.89839783519292,0.04782886716687483,-4745.227342966011
2.776e-06,69.77242558570526,0.04779199459380631,-4887.564437346299
2.784e-06,69.64363545476236,0.047754146551815264,-5030.120761039355
2.792e-06,69.51470134982543,0.047715226929440385,-5172.889715756835
2.8e-06,69.3849575278533,0.047674970484012376,-5316.299968284993
2.808e-06,69.25197113633921,0.0476335388575344,-5457.799402209558
2.816e-06,69.11205662804605,0.047591043139877366,-5599.792254741479
2.824e-06,68.96784207690737,0.04754757944250258,-5742.057942352531
2.832e-06,68.82495259016278,0.04750280263788983,-5884.0068297085845
2.84e-06,68.67853454811565,0.04745682381590997,-6025.696167063842
2.848e-06,68.53164178926356,0.04740976530024108,-6166.6935635395785
2.856e-06,68.38098116579334,0.0473616545513007,-6306.324288311735
2.864e-06,68.22957326016497,0.04731251403670315,-6446.053549115337
2.872e-06,68.06846136720397,0.04726229507661736,-6585.063445240026
2.88e-06,67.90543236105573,0.04721100640844892,-6725.032958005992
2.888e-06,67.73984810401876,0.04715837155572139,-6864.896396180862
2.896e-06,67.57659963873228,0.04710464889599964,-7004.92987361851
2.904e-06,67.41067721587822,0.04705000693639124,-7145.9959351859325
2.912e-06,67.23973946978423,0.046994026281428514,-7286.077077542273
2.92e-06,67.06974281864157,0.046936804914874,-7426.159144717261
2.928e-06,66.89617822541028,0.046878661127930835,-7563.426994382539
2.936e-06,66.71869176988187,0.046819579942189445,-7701.171286262729
2.944e-06,66.53583063113871,0.046759357900919986,-7839.669588167094
2.952e-06,66.34827612881668,0.04669791199876951,-7978.358221025916
2.96e-06,66.16370963662547,0.0466353495810065,-8116.065205487939
2.968e-06,65.976440838014,0.046571808573819,-8255.074412330068
2.976e-06,65.78902266443409,0.04650706742156558,-8393.926008067197
2.984e-06,65.59748132487171,0.0464411498400614,-8532.857324107823
2.992e-06,65.40116457589322,0.04637437911331278,-8672.532286116419
3e-06,65.19987802929114,0.04630635144836202,-8810.869142313322
3.008e-06,64.99452867863752,0.04623716732537323,-8948.321522564169
3.016e-06,64.79170236536912,0.04616702021546991,-9086.00876226524
3.024e-06,64.58531608014681,0.04609538337791587,-9223.363545819437
3.032e-06,64.3786063668255,0.04602243780182663,-9361.518245522158
3.04e-06,64.16581793875979,0.04594868713622364,-9499.905845932637
3.048e-06,63.95452061121035,0.04587413762211081,-9638.33099959915
3.056e-06,63.73201988301492,0.04579845411757432,-9777.622911091308
3.064e-06,63.51007348811405,0.04572137637274807,-9915.55481144717
3.072e-06,63.28579962557444,0.045643291953979384,-10053.532494306057
3.08e-06,63.06325587142057,0.045564303837834,-10189.674488954834
3.088e-06,62.838703210950165,0.04548423977260196,-10326.724959881147
3.096e-06,62.60964723202341,0.045402970569500836,-10464.244876242548
3.104e-06,62.37461671743621,0.045320406358073294,-10600.734001451683
3.112e-06,62.134004077926896,0.04523671314902524,-10738.035580540567
3.12e-06,61.894048878359605,0.04515193213298299,-10875.605352353128
3.128e-06,61.65138028271599,0.045065942858569664,-11011.905495204119
3.136e-06,61.41175061571234,0.04497901244075573,-11148.33623790007
3.144e-06,61.16813245149504,0.04489115585795074,-11285.871265563957
3.152e-06,60.916016249536476,0.04480203484773885,-11423.22011810401
3.16e-06,60.66252523489919,0.044712011388351014,-11560.57996404521
3.168e-06,60.41039256655501,0.04462094318489647,-11698.034517034539
3.176e-06,60.15821365898375,0.044528500712364916,-11835.316619208688
3.184e-06,59.90567646064149,0.04443500475836105,-11970.622702362563
3.192e-06,59.64326433650855,0.044340495265310365,-12107.204922859959
3.2e-06,59.3818660519798,0.04424508269898339,-12243.769085278293
3.208e-06,59.110620430836896,0.04414876331477769,-12381.290187280601
3.216e-06,58.83901435869487,0.04405117326216111,-12517.373710446302
3.224e-06,58.5626618264569,0.04395232939184436,-12654.715362044037
3.232e-06,58.29166432283262,0.04385266857410625,-12792.302473620812
3.24e-06,58.017168806929675,0.043752056627361195,-12929.906991923357
3.248e-06,57.739618473031726,0.04365009163095264,-13066.41535382852
3.256e-06,57.45846835125734,0.043546757358270245,-13202.683507319725
3.264e-06,57.176198253416416,0.04344211185065109,-13338.341587218953
3.272e-06,56.89049029429622,0.043336545794944434,-13474.006899434084
3.28e-06,56.59902389425819,0.04322990503835195,-13610.435483439443
3.288e-06,56.308492017972426,0.043122071625898366,-13747.318569683679
3.296e-06,56.01815760496644,0.04301354608610306,-13883.763314368016
3.304e-06,55.72289488639593,0.04290428535603859,-14019.68824260898
3.312e-06,55.42424759944759,0.04279384944492417,-14156.79322726283
3.32e-06,55.11987043459808,0.042682132879792445,-14293.101527716644
3.328e-06,54.817361874378115,0.04256878616442044,-14429.486270635725
3.336e-06,54.514846222500076,0.042454078286079756,-14565.650993346488
3.344e-06,54.20559586336126,0.04233866142968662,-14701.669355429563
3.352e-06,53.89620874068696,0.04222234462051919,-14837.415198042514
3.36e-06,53.581023038714065,0.04210485887130575,-14973.391346251865
3.368e-06,53.26392985204551,0.041986430106390506,-15108.269118499074
3.376e-06,52.94471341405437,0.04186694598770179,-15243.466847559506
3.384e-06,52.62727286463771,0.04174612567006033,-15379.795963222568
3.392e-06,52.30595277012073,0.04162434486190591,-15515.585153373013
3.4e-06,51.98836952118813,0.04150153740859635,-15651.246968134747
3.408e-06,51.66399829229754,0.041377463655578636,-15786.048757750581
3.416e-06,51.336067489070714,0.04125237636351412,-15920.087569645098
3.424e-06,51.00383403100529,0.04112631110612552,-16055.101294447108
3.432e-06,50.67144048492069,0.04099914992843751,-16189.711271057338
3.44e-06,50.34284899049935,0.04087087910024136,-16324.18270234275
3.448e-06,50.00629452899078,0.04074170956747171,-16458.609009034066
3.456e-06,49.67294454330382,0.04061170374016833,-16593.448332707154
3.464e-06,49.33046606379355,0.040480377940522616,-16729.90304155143
3.472e-06,48.994966357725765,0.040347860109116146,-16864.47597858971
3.48e-06,48.64875443501067,0.04021411279992507,-16998.450707342112
3.488e-06,48.30973510064379,0.04007922525930635,-17131.28550557242
3.496e-06,47.961136754568116,0.03994360440071963,-17265.001312732442
3.504e-06,47.61760913556378,0.039806739085938736,-17398.586516769654
3.512e-06,47.26446274226724,0.03966877410625609,-17531.67051499241
3.52e-06,46.91285961903733,0.03952984052275528,-17664.55106997128
3.528e-06,46.55535546690048,0.0393895919597153,-17798.74182886635
3.536e-06,46.205827429097965,0.039248259334283525,-17931.482465106194
3.544e-06,45.85258394999196,0.03910612786034192,-18064.80195071932
3.552e-06,45.493615045980356,0.03896316071596702,-18197.449109100347
3.56e-06,45.12921160031063,0.03881910201999555,-18329.401998868445
3.568e-06,44.7650012748358,0.03867402229577246,-18460.498097780433
3.576e-06,44.40122463152886,0.03852779859551936,-18593.034861847842
3.584e-06,44.03603185885627,0.03838012448594061,-18724.377899512165
3.592e-06,43.66953808574534,0.03823127581941229,-18855.676514976327
3.6e-06,43.30170218138722,0.03808150348429455,-18986.394580337386
3.608e-06,42.93445611063883,0.0379308892377395,-19116.776828362617
3.616e-06,42.56111881635021,0.037779175326282666,-19246.536336760673
3.624e-06,42.191109843690775,0.037626554596947165,-19375.603702926284
3.632e-06,41.81473018848047,0.03747314999751139,-19503.368391560547
3.64e-06,41.44012152193323,0.037318744341036776,-19631.410212988114
3.648e-06,41.06139718352837,0.03716309298016721,-19759.644566672625
3.656e-06,40.685782518205095,0.03700613787356561,-19888.39020365107
3.664e-06,40.30414840661944,0.0368480213161228,-20017.738378939695
3.672e-06,39.92561940116833,0.03668875766214799,-20145.018837683678
3.68e-06,39.54094553338054,0.036528736974390026,-20272.620008080175
3.688e-06,39.15913052672966,0.03636781570975734,-20399.751756922982
3.696e-06,38.77466183455128,0.03620593395461173,-20525.24821240998
3.704e-06,38.39049571493589,0.036043016816905346,-20649.69836929208
3.712e-06,38.00519187839029,0.035879076778646206,-20773.86649863187
3.72e-06,37.615410019797466,0.035714123201340216,-20897.62984070517
3.728e-06,37.22355395344564,0.03554818791410773,-21023.65400286043
3.736e-06,36.83435905785634,0.03538144254455831,-21148.902841550844
3.744e-06,36.445365255829195,0.03521364244533576,-21273.466258045413
3.752e-06,36.05940398419058,0.035044676526569216,-21396.596868704106
3.76e-06,35.66957160793894,0.03487474387628577,-21519.54655252623
3.768e-06,35.2753509055782,0.034703772098839146,-21640.89101481697
3.776e-06,34.87717818985709,0.03453155524109795,-21762.88989142215
3.784e-06,34.47893915278793,0.03435871365885811,-21884.642603781354
3.792e-06,34.07669078074868,0.03418539900851634,-22005.416188401363
3.8e-06,33.67762771240511,0.03401089669511663,-22127.270816243195
3.808e-06,33.28180900288342,0.03383519486075146,-22248.217205216668
3.816e-06,32.88647427336726,0.03365830536332833,-22368.788744824924
3.824e-06,32.49071879153362,0.0334801589277031,-22487.50511181611
3.832e-06,32.0873082506887,0.03330099146382623,-22606.061366711736
3.84e-06,31.684378466074477,0.033121025775539964,-22723.474175369593
3.848e-06,31.273909111010237,0.03294042412894788,-22839.52561867573
3.856e-06,30.874266994034436,0.03275904298095832,-22955.648145181625
3.864e-06,30.471126629603603,0.03257708141959834,-23072.52146381108
3.872e-06,30.06923752298372,0.03239433723633896,-23187.567746318546
3.88e-06,29.663224058336304,0.032210335490777,-23303.395942618765
3.888e-06,29.25700216036161,0.03202508741671968,-23417.819034562184
3.896e-06,28.850109928961864,0.03183884203022593,-23530.939705113917
3.904e-06,28.44567799700812,0.03165177220710602,-23644.103626272754
3.912e-06,28.039167884350544,0.031463670746027746,-23755.183550332753
3.92e-06,27.628344731111042,0.03127455512180231,-23866.210973726138
3.928e-06,27.221300390716674,0.031084798546467785,-23978.681308530675
3.936e-06,26.812829813222443,0.030894370439104715,-24090.09314883078
3.944e-06,26.40670816421959,0.030703130377123525,-24200.42817993948
3.952e-06,26.003016050201353,0.03051095728504686,-24309.28087426713
3.96e-06,25.595280738242632,0.03031787987149312,-24417.274738923275
3.968e-06,25.185088508205144,0.03012371589914593,-24524.402237221297
3.976e-06,24.77618944585957,0.02992869254055031,-24631.92883386346
3.984e-06,24.367538140590497,0.029733050698460037,-24738.769931982995
3.992e-06,23.958612095193022,0.029536457103262335,-24844.13132402077
4e-06,23.548434477607966,0.029339213819550028,-24949.217119166577
4.008e-06,23.137381132783517,0.02914128589770084,-25053.20763637565
4.016e-06,22.728594442710428,0.02894230574258011,-25156.885087723986
4.024e-06,22.322684045918443,0.028742161016116183,-25258.531935148607
4.032e-06,21.914250294939986,0.028541102606669217,-25359.932249336292
4.04e-06,21.507204229110876,0.028339285291137897,-25460.267440294105
4.048e-06,21.09763811853573,0.028136717182827443,-25560.5701731613
4.056e-06,20.688542867388424,0.027933436351862188,-25660.541718405
4.064e-06,20.276978328371044,0.02772961317765079,-25759.182637863832
4.072e-06,19.869458432295236,0.027524969935516088,-25857.62585778788
4.08e-06,19.46011332849657,0.027319282573415017,-25955.463464321252
4.088e-06,19.048165064910854,0.02711285440414119,-26053.076098301
4.096e-06,18.63673285582939,0.026905694165100223,-26149.120156980734
4.104e-06,18.230490277690716,0.026697650199895236,-26244.52911109102
4.112e-06,17.822191187399394,0.02648865323338207,-26338.741133072414
4.12e-06,17.413098582188105,0.026278750073090655,-26432.85572365386
4.128e-06,17.003656977692234,0.026068244031814448,-26524.388457058307
4.136e-06,16.594146040621133,0.025857297999757452,-26616.342428262767
4.144e-06,16.190535372780786,0.02564581961006077,-26707.120122870103
4.152e-06,15.785077391448434,0.025433484954617596,-26797.882847121997
4.16e-06,15.379933372164784,0.025220155483139564,-26886.930420513625
4.168e-06,14.974317674780973,0.025006006567838624,-26976.35988078913
4.176e-06,14.567617449114882,0.024791164276995157,-27065.745066367184
4.184e-06,14.160216448828871,0.02457571598466495,-27152.38263729874
4.192e-06,13.755418473366147,0.0243596136351174,-27237.33123652739
4.2e-06,13.351744868777573,0.024143184881061493,-27322.312980787963
4.208e-06,12.949312641360441,0.023926239371875855,-27406.036815763397
4.216e-06,12.548685825636008,0.023708656032083126,-27489.998045831053
4.224e-06,12.15013442830345,0.023490229532652323,-27574.55558303842
4.232e-06,11.7464663645021,0.02327089247074047,-27657.24754002407
4.24e-06,11.34024969859515,0.023050812105254215,-27738.657162210675
4.248e-06,10.93770189775934,0.0228298829632263,-27819.90337760602
4.256e-06,10.541967765251243,0.022608523816024014,-27899.063847878213
4.264e-06,10.1489412819499,0.02238685137042174,-27975.715540844907
4.272e-06,9.752175465528701,0.02216449303848176,-28051.759854602667
4.28e-06,9.354929348682536,0.021941407629577823,-28127.196844406415
4.288e-06,8.95070740820044,0.021717794231736892,-28203.25092284423
4.296e-06,8.552898482012914,0.021493529273080157,-28278.103075600782
4.304e-06,8.156164155786307,0.02126849479863239,-28351.734444804464
4.312e-06,7.766888671483409,0.02104260530663892,-28425.71805799616
4.32e-06,7.370926375887454,0.02081595815676199,-28498.925813903636
4.328e-06,6.979554578864668,0.020589162470990224,-28570.371063085477
4.336e-06,6.585224826602524,0.020362219497524457,-28639.81452990687
4.344e-06,6.192161191902608,0.020134788477547287,-28708.721116327342
4.352e-06,5.799765470978224,0.019906753952484924,-28776.00036751496
4.36e-06,5.408921096124956,0.01967792182711356,-28842.007950925636
4.368e-06,5.020433470387035,0.0194485223944802,-28908.63532578212
4.376e-06,4.634319868316241,0.019218782827129733,-28973.229225796847
4.384e-06,4.249043827837699,0.01898843476189094,-29037.731333698153
4.392e-06,3.8645954052749194,0.018757213580194998,-29101.630925297643
4.4e-06,3.4767344590585,0.018525469402365248,-29163.066429169747
4.408e-06,3.087607719354482,0.018293420663541136,-29223.30581990429
4.416e-06,2.7044647251725,0.018060822716366588,-29283.229082340673
4.424e-06,2.3226018241702246,0.017827623136408045,-29342.833587184377
4.432e-06,1.9437439557027036,0.017593987310271102,-29400.761579856593
4.44e-06,1.5614630711602215,0.017359986385401215,-29458.15504046483
4.448e-06,1.177309731884543,0.017125433755779195,-29514.646190409254
4.456e-06,0.7928310014742735,0.016890448000480816,-29570.041466786897
4.464e-06,0.4131323807744782,0.016654803819262202,-29624.170838295453
4.472e-06,0.03921774712504386,0.01641852617613933,-29678.170208866894
4.48e-06,-0.33311780499868515,0.016182224193100978,-29730.875239322642
4.488e-06,-0.7053728395274587,0.015945809871990884,-29782.895212827407
4.496e-06,-1.0805054014070703,0.01570899924712788,-29832.67564035681
4.504e-06,-1.4554448544062062,0.01547160945709532,-29881.169728973622
4.512e-06,-1.8329235832734168,0.015233745350760015,-29930.67327142066
4.52e-06,-2.2068849079148323,0.014995566073723578,-29979.01889456936
4.528e-06,-2.5747826224375165,0.01475673273946979,-30025.98014943418
4.536e-06,-2.939237147441445,0.014517561766900484,-30071.97304706797
4.544e-06,-3.3021704402618806,0.01427820855701488,-30116.040271871843
4.552e-06,-3.6724314387315244,0.014038448433669644,-30160.287966487984
4.56e-06,-4.046273323687344,0.013798333821298135,-30202.865960280484
4.568e-06,-4.41931924417155,0.013557904662325941,-30244.680872397385
4.576e-06,-4.78563505586045,0.01331740560410909,-30284.953323751404
4.584e-06,-5.146030479021935,0.013076650040628544,-30325.180577930674
4.592e-06,-5.4980771812226426,0.012835394572729024,-30363.342973371953
4.6e-06,-5.853497810677328,0.012593669781329947,-30401.880353974597
4.608e-06,-6.211919376072476,0.012351550558479153,-30438.04745717509
4.616e-06,-6.5809251389373,0.012109079343003782,-30472.20981578591
4.624e-06,-6.944938019720228,0.01186667553037137,-30506.98290074677
4.632e-06,-7.306643887549886,0.011624020205278453,-30539.507189204574
4.64e-06,-7.657861172048776,0.011380832522545853,-30572.01079684445
4.648e-06,-8.009168934790607,0.011137762170688075,-30603.866975711397
4.656e-06,-8.361485200815428,0.010894502092309221,-30634.21996512702
4.664e-06,-8.717127430240552,0.01065064287754807,-30663.611554289077
4.672e-06,-9.0677535557372,0.010406381742130374,-30693.02353347796
4.68e-06,-9.421454601554,0.010161731792164548,-30721.7677926705
4.688e-06,-9.771765535781224,0.009917003205548591,-30747.697795019296
4.696e-06,-10.123496000137324,0.009672290221442536,-30773.57419347473
4.704e-06,-10.471262025578312,0.00942728827885213,-30798.765450691964
4.712e-06,-10.815629330035566,0.009182208947812283,-30823.431750410655
4.72e-06,-11.15828431465243,0.008937199516017045,-30847.2486728068
4.728e-06,-11.504063352051398,0.008692097717362913,-30868.13708602992
4.736e-06,-11.849254332189883,0.008446565289433914,-30889.291083754062
4.744e-06,-12.19318408093876,0.008200790710550385,-30908.823978352288
4.752e-06,-12.53313071970963,0.007954749016696442,-30927.16900029829
4.76e-06,-12.870155830522846,0.007708252977752497,-30945.720992442075
4.768e-06,-13.20974080523717,0.007461700769772706,-30962.11361453354
4.776e-06,-13.55215031665511,0.007215119853174645,-30977.36804991281
4.784e-06,-13.896041973299997,0.006968591985110389,-30993.65753482448
4.792e-06,-14.230252175901288,0.006722197674531364,-31008.326993146045
4.8e-06,-14.565646856735212,0.006475624247138083,-31020.451208680082
4.808e-06,-14.890903286188957,0.006228683224610162,-31032.865149993646
4.816e-06,-15.220013382454324,0.005981563085267984,-31045.335692081182
4.824e-06,-15.556614508285396,0.005734357444171191,-31057.16891846321
4.832e-06,-15.893824015139666,0.005486929623332611,-31066.81248897251
4.84e-06,-16.23077567173021,0.00523936824500885,-31075.37768207893
4.848e-06,-16.558129201865853,0.004991901729945576,-31083.309362708744
4.856e-06,-16.884281749399467,0.004744440207685488,-31090.770562574864
4.864e-06,-17.202636574773333,0.004497088527095553,-31099.2551911003
4.872e-06,-17.529362228493394,0.004249856673782031,-31105.55325288139
4.88e-06,-17.853811476129163,0.004002504993192044,-31109.668874248197
4.888e-06,-18.180029510983395,0.0037551782766180393,-31112.59518024562
4.896e-06,-18.505920957808954,0.0035076318767037888,-31116.242428966936
4.904e-06,-18.829895237300107,0.003259514424925105,-31118.63217485507
4.912e-06,-19.149501371399396,0.0030115916924707362,-31119.409565699327
4.92e-06,-19.463414187418483,0.002763953549797937,-31118.64890119527
4.928e-06,-19.780292712223083,0.0025162779611012384,-31120.165464694837
4.936e-06,-20.09786257792399,0.0022688089496364187,-31119.06330095649
4.944e-06,-20.420623218930967,0.0020213449309747335,-31118.595185387225
4.952e-06,-20.738300844700067,0.0017738703026063307,-31116.238702533137
4.96e-06,-21.057214259979744,0.0015262864566681804,-31113.265768818666
4.968e-06,-21.371231330242185,0.0012784785586870476,-31107.98752773357
4.976e-06,-21.680837476453203,0.0010305826625498097,-31102.91098233629
4.984e-06,-21.99161389171933,0.0007828839821383722,-31095.8510797755
4.992e-06,-22.30184416930392,0.0005352077693412761,-31089.30683454966
5e-06,-22.615342422750153,0.00028803395736484683,-31080.49528099519
5.008e-06,-22.926676165566562,4.114972797317259e-05,-31071.53563892401
5.016e-06,-23.237918256682786,-0.00020620694542000025,-31062.520294674832
5.024e-06,-23.546600483897866,-0.0004534812375605473,-31052.042727396445
5.032e-06,-23.850167054043716,-0.0007008354145521315,-31040.356398739303
5.04e-06,-24.15346635070833,-0.0009483069224185916,-31029.025484207978
5.048e-06,-24.45562325843417,-0.0011955961929687054,-31015.511271873533
5.056e-06,-24.76750106356142,-0.0014426707729818546,-31001.26834740207
5.064e-06,-25.07451270140419,-0.0016894582668117422,-30987.22123958146
5.072e-06,-25.381065896484063,-0.0019358931439166565,-30972.549822049183
5.08e-06,-25.678668062140495,-0.002181922979863088,-30957.091894726724
5.088e-06,-25.9800561298757,-0.00242810821680864,-30940.80785243128
5.096e-06,-26.27912214145265,-0.0026744376209462423,-30923.200441484838
5.104e-06,-26.58161849028183,-0.0029204818112018344,-30905.175193729636
5.112e-06,-26.881469392837626,-0.0031664742011243145,-30885.786675262167
5.12e-06,-27.17636169329569,-0.003412395443601439,-30866.10410707828
5.128e-06,-27.47289541802554,-0.0036582779918538696,-30845.28041851702
5.136e-06,-27.769776496613684,-0.0039037792147629015,-30823.939900091267
5.144e-06,-28.06943177850855,-0.004148845439694386,-30801.135813786135
5.152e-06,-28.360771645586592,-0.004393980315669681,-30778.73417296622
5.16e-06,-28.652533484504872,-0.0046389204723206595,-30755.794620162873
5.168e-06,-28.94532541524889,-0.00488371334127769,-30731.971053120382
5.176e-06,-29.239608083642544,-0.005128496848728745,-30707.35559688695
5.184e-06,-29.5315796885541,-0.005372674978793418,-30681.386650073935
5.192e-06,-29.820079249990354,-0.005616646531626316,-30655.37891894252
5.2e-06,-30.108211240483563,-0.005861071805448711,-30628.134468813587
5.208e-06,-30.396855755411206,-0.006105249935513436,-30600.373544231472
5.216e-06,-30.685176318548212,-0.006348702236814961,-30572.11380665682
5.224e-06,-30.970854503210525,-0.006591705185829674,-30542.944375790117
5.232e-06,-31.258297051997896,-0.0068347012697400535,-30514.585699009913
5.24e-06,-31.541770063958026,-0.007077761011891056,-30485.02789020313
5.248e-06,-31.823414326002947,-0.007320680331452392,-30455.104170227718
5.256e-06,-32.104547985432546,-0.007563183376048131,-30424.03615786406
5.264e-06,-32.38398740612335,-0.007805040476731646,-30391.757979802085
5.272e-06,-32.6687730827841,-0.008046693496584871,-30358.571448147366
5.28e-06,-32.9507791244533,-0.00828840206137359,-30323.80649643967
5.288e-06,-33.234213371915196,-0.008529980813279475,-30287.8270031196
5.296e-06,-33.51373610645586,-0.008770916741775076,-30252.78987283695
5.304e-06,-33.79274674973916,-0.009011396452879584,-30218.209454992655
5.312e-06,-34.06481423546292,-0.009251964786240593,-30181.695308796883
5.32e-06,-34.33793981112103,-0.00949257805483033,-30145.6406284236
5.328e-06,-34.61148337516833,-0.009732552868712625,-30108.063607126733
5.336e-06,-34.89036020068185,-0.009971841796257156,-30069.326090150753
5.344e-06,-35.17310109491363,-0.010210696974024935,-30030.230028713417
5.352e-06,-35.44494649738359,-0.010449136500927454,-29989.855106049024
5.36e-06,-35.71329684384669,-0.010687454952352661,-29949.68777028428
5.368e-06,-35.980028320339315,-0.010925753432565166,-29908.044926412018
5.376e-06,-36.252895553560485,-0.01116356761086861,-29867.36802915492
5.384e-06,-36.5249103096747,-0.011400975499812716,-29825.14488008091
5.392e-06,-36.8001667875645,-0.01163814935110752,-29783.29790649181
5.4e-06,-37.069178771584724,-0.011875171546005543,-29738.843849482713
5.408e-06,-37.33814396601664,-0.012112188748100328,-29695.377456171787
5.416e-06,-37.597050908628894,-0.012348585594399266,-29649.693465758573
5.424e-06,-37.863813128570584,-0.01258425161913182,-29603.08576835835
5.432e-06,-38.12955940040254,-0.01281979282378467,-29556.785822506572
5.44e-06,-38.40240366392499,-0.013055038204848787,-29510.476472068647
5.448e-06,-38.66718832793198,-0.01328958459346677,-29463.774856642773
5.456e-06,-38.930407297685754,-0.013524007410205952,-29416.633515004487
5.464e-06,-39.18881301725918,-0.013758117552645586,-29367.80123870653
5.472e-06,-39.44316557097058,-0.013991718429160176,-29317.65123070275
5.48e-06,-39.698647881983696,-0.01422508214752347,-29265.646958511345
5.488e-06,-39.958627834085824,-0.014457962188078089,-29214.749245639334
5.496e-06,-40.22090638693962,-0.014690387259442312,-29162.763568624192
5.504e-06,-40.484507763950866,-0.014922555825542893,-29109.884088808485
5.512e-06,-40.739022951404905,-0.01515427566345711,-29057.002125796167
5.52e-06,-40.991094946674274,-0.015385338323651885,-29003.67061569984
5.528e-06,-41.237981834306936,-0.015615813705371925,-28950.22127715281
5.536e-06,-41.48713341607982,-0.015846116835382045,-28893.943143612938
5.544e-06,-41.73733313926159,-0.01607618904824475,-28837.118527479197
5.552e-06,-41.98760957519199,-0.016305834376435072,-28780.133996388453
5.56e-06,-42.238337576391245,-0.016535017870330675,-28721.377662154602
5.568e-06,-42.488199313168714,-0.016763695842903617,-28663.854452534528
5.576e-06,-42.73587706331999,-0.01699189949917391,-28604.407992406996
5.584e-06,-42.97908147959596,-0.017219661916462573,-28543.78285255864
5.592e-06,-43.22489682940927,-0.017446670420470153,-28483.55432317519
5.6e-06,-43.46464341057922,-0.017673185261062697,-28424.84766177009
5.608e-06,-43.71187350779404,-0.01789955780676438,-28362.843107387907
5.616e-06,-43.95694776034481,-0.018125439809553067,-28299.8694994682
5.624e-06,-44.19402555540251,-0.018350849992440653,-28235.940206440027
5.632e-06,-44.43064872466613,-0.01857557740949247,-28170.890307619127
5.64e-06,-44.6666883737141,-0.018799604585897453,-28105.718755578575
5.648e-06,-44.908051173261356,-0.019022998924498585,-28040.79922528092
5.656e-06,-45.14298558315275,-0.019245818466632852,-27972.731134696653
5.664e-06,-45.383403263889285,-0.01946817492627164,-27905.01052259185
5.672e-06,-45.61544304563382,-0.019689983425760733,-27837.503567943117
5.68e-06,-45.848708557644656,-0.01991159533362433,-27769.471187533276
5.688e-06,-46.077065366969485,-0.020132982565344588,-27700.48808325724
5.696e-06,-46.3055664872936,-0.020353736959260935,-27630.10250766506
5.704e-06,-46.538413481566415,-0.020573791112530465,-27559.325503401946
5.712e-06,-46.767897330330086,-0.020793150642056703,-27488.02971474622
5.72e-06,-47.000609179824224,-0.02101168199035437,-27416.494375585517
5.728e-06,-47.22712718968759,-0.021229569891141453,-27342.87830826718
5.736e-06,-47.456645457440004,-0.02144699782993501,-27269.135749639958
5.744e-06,-47.679224694129324,-0.021663855340964485,-27194.509536867565
5.752e-06,-47.90407260356086,-0.021880196720964626,-27119.735392914718
5.76e-06,-48.12280407385974,-0.022095984523911497,-27043.898007211148
5.768e-06,-48.34471378448199,-0.022311420958334084,-26967.711980332042
5.776e-06,-48.570139731529956,-0.02252619771863574,-26888.89167380921
5.784e-06,-48.79104344337616,-0.022740028966833987,-26811.85550306164
5.792e-06,-49.01321101961734,-0.02295322425672635,-26732.62766806301
5.8e-06,-49.22904261111372,-0.02316555391936634,-26654.67435677496
5.808e-06,-49.44490445792681,-0.023377011089649524,-26575.87103975588
5.816e-06,-49.66160779806053,-0.023588281029813186,-26495.421131609208
5.824e-06,-49.87603773040646,-0.023799392448475724,-26413.613590163717
5.832e-06,-50.09089490221965,-0.024009867284731968,-26333.023473423422
5.84e-06,-50.303093228364425,-0.02421950957105695,-26250.83216642452
5.848e-06,-50.51947767178685,-0.02442818887046738,-26167.602038037927
5.856e-06,-50.72836322057049,-0.024635950742292297,-26083.852963708152
5.864e-06,-50.94118864001784,-0.0248430429543899,-25998.386103604462
5.872e-06,-51.15224776220669,-0.025049622155960117,-25913.163956132717
5.88e-06,-51.361361062721585,-0.025255668999890554,-25828.40709077324
5.888e-06,-51.56509806288124,-0.025461108594133502,-25742.82284566352
5.896e-06,-51.76915034644127,-0.02566575183626825,-25657.349898614244
5.904e-06,-51.97703134710711,-0.02586970419926205,-25570.218209022772
5.912e-06,-52.186842908037015,-0.026072905145376364,-25482.434281133148
5.92e-06,-52.39235989902266,-0.026275214252021534,-25393.37037286884
5.928e-06,-52.59159454890904,-0.026476690184634957,-25302.628497541144
5.936e-06,-52.79038597703405,-0.026677623149901915,-25213.082776558113
5.944e-06,-52.98928721554483,-0.026878070565058962,-25122.507420563175
5.952e-06,-53.19267648362445,-0.027077837710781923,-25032.225278435886
5.96e-06,-53.39101731062287,-0.027277008216524134,-24941.267279312982
5.968e-06,-53.58527134477339,-0.027475256925978034,-24849.484570004955
5.976e-06,-53.781625110994845,-0.02767276420415882,-24756.939687919014
5.984e-06,-53.97429155767076,-0.027869568121190742,-24664.023895024675
5.992e-06,-54.17022410283836,-0.02806542090921564,-24567.99408136158
6e-06,-54.36185318257674,-0.028260274512502927,-24473.115162589485
6.008e-06,-54.55651992455876,-0.028454437236649317,-24377.881380368388
6.016e-06,-54.75082043957805,-0.028648085077967088,-24281.60642093047
6.024e-06,-54.94562303833313,-0.028840841079815754,-24186.882211908294
6.032e-06,-55.13107426154293,-0.029033201402011908,-24090.957838808776
6.04e-06,-55.31627748361009,-0.029225074301796963,-23994.575023040543
6.048e-06,-55.50329294960663,-0.029415912443121705,-23895.72527719093
6.056e-06,-55.68770007385469,-0.02960624568722424,-23796.992714526186
6.064e-06,-55.87666043698315,-0.02979580629503365,-23697.755197604834
6.072e-06,-56.0629769451173,-0.029984100603135,-23598.168263128573
6.08e-06,-56.251802515019335,-0.030171617906240438,-23499.333017967027
6.088e-06,-56.43328540314497,-0.030358517974052018,-23399.40533207184
6.096e-06,-56.61860790083994,-0.03054451621678808,-23299.20493425062
6.104e-06,-56.794121416678784,-0.03072961513085018,-23198.234258025823
6.112e-06,-56.97334278271635,-0.030914142993047886,-23096.820007406524
6.12e-06,-57.14766087856083,-0.03109807608756603,-22993.40063009526
6.128e-06,-57.32808428993896,-0.03128115853324128,-22890.685965526023
6.136e-06,-57.50933506385236,-0.03146326925459644,-22787.34191668329
6.144e-06,-57.69220101280052,-0.031644297161760586,-22682.584260303156
6.152e-06,-57.87303455234376,-0.0318242303968261,-22578.650087728412
6.16e-06,-58.04859206474853,-0.03200340909451013,-22473.804165720536
6.168e-06,-58.21816361483153,-0.03218203359104049,-22369.13981394203
6.176e-06,-58.38352377951356,-0.03236009639721236,-22263.720110098737
6.184e-06,-58.555100948293145,-0.032537101353209176,-22157.720287422224
6.192e-06,-58.72714654553674,-0.03271308777735596,-22050.919542769094
6.2e-06,-58.903488917401894,-0.03288828658680015,-21943.58443977741
6.208e-06,-59.075818943069876,-0.033062514920125005,-21835.026608538315
6.216e-06,-59.252482676553115,-0.03323594128443804,-21727.852921753576
6.224e-06,-59.41947137606476,-0.0334085688002413,-21620.28035858119
6.232e-06,-59.58165968897691,-0.03358023582553161,-21512.270760301555
6.24e-06,-59.74020809341157,-0.03375084188014481,-21403.649125004842
6.248e-06,-59.90326150456164,-0.03392056732909606,-21294.21551673407
6.256e-06,-60.06866141404745,-0.0340897148610785,-21183.487162832185
6.264e-06,-60.23446787152226,-0.034258329411320766,-21073.41040617694
6.272e-06,-60.401614224048416,-0.0344260284062788,-20962.08022666057
6.28e-06,-60.56348054497286,-0.03459248918604665,-20851.786750111827
6.288e-06,-60.720778557950645,-0.03475772548083302,-20741.738035830884
6.296e-06,-60.874994120115986,-0.034921830905697754,-20629.324255442316
6.304e-06,-61.030230261991306,-0.035085234841714795,-20517.841652234056
6.312e-06,-61.19035676037259,-0.03524798284821323,-20404.747877749796
6.32e-06,-61.345184312831215,-0.03540976724369673,-20292.338411464596
6.328e-06,-61.5037105872518,-0.03557092816288233,-20178.86271825458
6.336e-06,-61.65518082673639,-0.03573124841883146,-20065.21425581084
6.344e-06,-61.80975710578757,-0.035890522058412686,-19952.23888386722
6.352e-06,-61.96337197582261,-0.036048800257858615,-19838.50654435284
6.36e-06,-62.11777907417703,-0.03620594571508169,-19724.713808327808
6.368e-06,-62.26950616422391,-0.0363622074461408,-19610.070298621118
6.376e-06,-62.420113710573055,-0.036517650357477324,-19496.58124353772
6.384e-06,-62.57040081176462,-0.03667220080524434,-19380.71341817335
6.392e-06,-62.719851933753226,-0.03682618644215092,-19264.69609482184
6.4e-06,-62.866489253101236,-0.03697948307221775,-19148.17639031676
6.408e-06,-63.01235475194179,-0.03713173495821791,-19032.31824628172
6.416e-06,-63.155598213850055,-0.03728320297411781,-18916.358997794858
6.424e-06,-63.30927911995053,-0.037433395952904,-18799.705621642126
6.432e-06,-63.45768410882318,-0.037582099828139905,-18684.202292825044
6.44e-06,-63.60502492307844,-0.03772979016432897,-18568.518954966105
6.448e-06,-63.742359960551155,-0.03787687699543294,-18451.43927534847
6.456e-06,-63.88451574879442,-0.03802329354270915,-18334.90306645966
6.464e-06,-64.02684841632532,-0.03816864287830426,-18217.683082254593
6.472e-06,-64.1726566250746,-0.038312963072342644,-18100.162044529367
6.48e-06,-64.31520878487859,-0.038456287202145355,-17982.701567206695
6.488e-06,-64.45736905763594,-0.03859883183055059,-17865.475309219273
6.496e-06,-64.59905630023107,-0.038740493356892294,-17747.28340664605
6.504e-06,-64.73342334342439,-0.038881113883769663,-17630.303466963032
6.512e-06,-64.87539293179975,-0.039020731481306956,-17513.16192704587
6.52e-06,-65.00967771903264,-0.039159534003724114,-17395.91212575125
6.528e-06,-65.14899963221225,-0.03929739850324266,-17278.01032450415
6.536e-06,-65.28053598613295,-0.03943414399074706,-17159.673566767524
6.544e-06,-65.41935090273469,-0.03957024603074086,-17040.741109696064
6.552e-06,-65.55362122056064,-0.03970539943812927,-16920.95143845906
6.56e-06,-65.6874656291608,-0.03983943882630672,-16801.7321017082
6.568e-06,-65.81771065396757,-0.039972764243628556,-16682.607286573468
6.576e-06,-65.94653765183456,-0.04010505178198802,-16564.946901857835
6.584e-06,-66.07862799962007,-0.04023619409611667,-16445.44109609386
6.592e-06,-66.20709992402557,-0.04036650011571163,-16325.978896348337
6.6e-06,-66.33857227684322,-0.04049572269701514,-16206.82687375154
6.608e-06,-66.46816010011695,-0.040623942348978634,-16086.113814882649
6.616e-06,-66.59296852648284,-0.040751356287327956,-15966.274241368248
6.624e-06,-66.72065379487461,-0.040877837195581815,-15844.937710977752
6.632e-06,-66.84582199176373,-0.04100343063306934,-15724.229889157821
6.64e-06,-66.97388484023647,-0.041127998049502075,-15603.501664667987
6.648e-06,-67.09441056942713,-0.04125148389994457,-15482.512423110622
6.656e-06,-67.21887099944263,-0.0413740941375283,-15361.943834961552
6.664e-06,-67.33579983156731,-0.04149568272276005,-15242.006513033397
6.672e-06,-67.45448010604821,-0.04161641316994414,-15121.851060336536
6.68e-06,-67.5747752864445,-0.04173619248812126,-14999.58385287019
6.688e-06,-67.69454088282689,-0.0418545432404867,-14876.868527457313
6.696e-06,-67.81526433229416,-0.041972179397896124,-14752.620077969623
6.704e-06,-67.92972303201513,-0.042089049160016455,-14630.383446178257
6.712e-06,-68.04163843685767,-0.04220490413488917,-14507.250187962802
6.72e-06,-68.15356000800804,-0.04231965632435813,-14383.618491364885
6.728e-06,-68.26943083667214,-0.04243319214215085,-14261.151201843633
6.736e-06,-68.3834846879775,-0.04254604207360582,-14138.193140803525
6.744e-06,-68.49599332315219,-0.04265783789948813,-14014.687408250804
6.752e-06,-68.60551733764486,-0.04276855278348061,-13890.287549328039
6.76e-06,-68.7168866185447,-0.04287848691787482,-13765.242563611284
6.768e-06,-68.82643258848758,-0.042987350095985595,-13640.086312144209
6.776e-06,-68.92918742258355,-0.043094979427608954,-13514.644924807659
6.784e-06,-69.03868673628564,-0.04320182676143325,-13390.321792585559
6.792e-06,-69.14380324931065,-0.04330801691753818,-13266.810423555868
6.8e-06,-69.25294393442823,-0.043412990077866455,-13141.906171355107
6.808e-06,-69.35012731058728,-0.04351681551756228,-13017.70471670233
6.816e-06,-69.4485270972405,-0.04361957187327587,-12892.692174091824
6.824e-06,-69.54713977344922,-0.0437212472870996,-12764.899102656364
6.832e-06,-69.64835286814531,-0.04382202337224944,-12637.513631340862
6.84e-06,-69.75116147115261,-0.04392171102630467,-12509.368683035289
6.848e-06,-69.84582656760057,-0.044020447551352905,-12382.265878908804
6.856e-06,-69.94754456006699,-0.044118600542528745,-12254.651078324448
6.864e-06,-70.03740672015114,-0.04421575372486656,-12126.426919653342
6.872e-06,-70.13326923599652,-0.04431160628197432,-11998.204750630053
6.88e-06,-70.21743434831359,-0.04440641471911578,-11869.037236204838
6.888e-06,-70.31107876645527,-0.044500208993110024,-11739.690768201668
6.896e-06,-70.39661286295659,-0.044592986607555445,-11609.912059163804
6.904e-06,-70.49175288552456,-0.04468447046187525,-11479.682833270077
6.912e-06,-70.58161966589468,-0.044774764156735536,-11349.28976275956
6.92e-06,-70.67417440611929,-0.044864224677564096,-11219.430757923452
6.928e-06,-70.75719909576583,-0.04495275528879923,-11087.933656711606
6.936e-06,-70.83308378686108,-0.04504032540952139,-10956.120448741682
6.944e-06,-70.90937060527634,-0.04512679212073941,-10825.690818160107
6.952e-06,-70.98689322694099,-0.04521222969040065,-10693.445650581314
6.96e-06,-71.07250820875295,-0.04529666245842065,-10561.093473290981
6.968e-06,-71.15572383008029,-0.04538005921977952,-10427.81874936841
6.976e-06,-71.23958828842095,-0.04546219405013307,-10294.289154324966
6.984e-06,-71.30867299424978,-0.045543072566384846,-10160.524686719953
6.992e-06,-71.37520569963426,-0.0456230954409906,-10027.461913904497
7e-06,-71.43821747153127,-0.04570191817053046,-9892.014895413453
7.008e-06,-71.50937259886061,-0.04577978228185854,-9757.820237295673
7.016e-06,-71.57866832414845,-0.045856715859492796,-9622.012335839856
7.024e-06,-71.65079841182413,-0.0459327251444372,-9486.929216393011
7.032e-06,-71.7195156630858,-0.04600772213853557,-9350.977655716466
7.04e-06,-71.78369127426805,-0.0460811776046502,-9215.11722830786
7.048e-06,-71.84186938170737,-0.04615347099582323,-9078.031232639109
7.056e-06,-71.89816310426464,-0.04622480327238289,-8940.595718738983
7.064e-06,-71.95307137706014,-0.04629501778512924,-8802.568724081815
7.072e-06,-72.01301990098096,-0.04636390421222803,-8664.122564623158
7.08e-06,-72.07546368642423,-0.04643184699952463,-8524.215325632607
7.088e-06,-72.1331862459519,-0.04649890356425567,-8383.772270602025
7.096e-06,-72.18203740466828,-0.04656499963847374,-8244.810027689467
7.104e-06,-72.2297948543349,-0.04662990617733271,-8104.505143841899
7.112e-06,-72.27551276010553,-0.04669350335355608,-7964.503744733923
7.12e-06,-72.32721795278243,-0.04675615688997722,-7822.872063616543
7.128e-06,-72.37380912169385,-0.04681767269137232,-7680.973625936889
7.136e-06,-72.42414564941205,-0.04687783294670234,-7538.169881180995
7.144e-06,-72.46751711745952,-0.046936869821315445,-7395.809313732912
7.152e-06,-72.51396462998625,-0.04699493559570884,-7254.29402584137
7.16e-06,-72.55345803834271,-0.04705190981850563,-7111.420450488164
7.168e-06,-72.59094786296491,-0.04710782494292652,-6967.849046789723
7.176e-06,-72.62123656338805,-0.0471626585013572,-6824.91247466365
7.184e-06,-72.65762316280382,-0.04721599609113319,-6682.185996983476
7.192e-06,-72.69316601169089,-0.04726785393886486,-6539.080734190926
7.2e-06,-72.73225236210556,-0.04731879872771385,-6394.071518461095
7.208e-06,-72.75917975236473,-0.04736851466287862,-6247.63991480178
7.216e-06,-72.78996707029891,-0.04741710347272409,-6102.224044842443
7.224e-06,-72.80677669134128,-0.04746501450953704,-5955.510386013332
7.232e-06,-72.83018187605956,-0.04751167921785459,-5809.484341317289
7.24e-06,-72.85145106548288,-0.0475569833873039,-5662.135233745687
7.248e-06,-72.87972450336248,-0.0476011679206387,-5516.438467098236
7.256e-06,-72.9031355917346,-0.047644124848490066,-5371.107143356799
7.264e-06,-72.91880001141993,-0.0476858966096851,-5224.62218819772
7.272e-06,-72.92949181217354,-0.04772636212874653,-5076.979612491889
7.28e-06,-72.93658406103522,-0.04776562500634047,-4928.642884770514
7.288e-06,-72.94775682329374,-0.047803962967144155,-4780.161433935773
7.296e-06,-72.95590026681612,-0.047841157576018194,-4631.789210504251
7.304e-06,-72.97167563074427,-0.04787711709020403,-4482.228319310547
7.312e-06,-72.97516077378498,-0.0479117890852682,-4333.096727525872
7.32e-06,-72.98230538938961,-0.04794508493895416,-4184.9978931281275
7.328e-06,-72.97711750246944,-0.04797727363853358,-4036.382720073371
7.336e-06,-72.97636266314942,-0.048008400743335525,-3885.906649891221
7.344e-06,-72.96582079095818,-0.048038137352450085,-3736.0082429732
7.352e-06,-72.9660677964401,-0.04806657645683662,-3586.2240677808422
7.36e-06,-72.96216181784084,-0.048093941484437706,-3436.0519365530076
7.368e-06,-72.9611945859875,-0.04812041841717203,-3286.3877096361753
7.376e-06,-72.94762579450534,-0.048145747005173524,-3136.179928639794
7.384e-06,-72.93399340115425,-0.048169610829540244,-2985.9576689637033
7.392e-06,-72.91544195574123,-0.04819203423018773,-2836.3419011389424
7.4e-06,-72.89819297112278,-0.04821333425011832,-2685.1521640972405
7.408e-06,-72.87540574742945,-0.04823344036598699,-2534.6655875070483
7.416e-06,-72.856420004834,-0.04825235070549256,-2383.2769048837768
7.424e-06,-72.83858098779703,-0.04827009023265094,-2233.6701272327473
7.432e-06,-72.81943587725844,-0.048286507915165755,-2083.1275497129855
7.44e-06,-72.79129058301396,-0.04830162559655095,-1931.9596346451413
7.448e-06,-72.75821660498323,-0.048315467616722056,-1782.1358083802822
7.456e-06,-72.72356468979011,-0.048328367869392166,-1631.3713371335298
7.464e-06,-72.68754616884567,-0.04834002678637009,-1480.1912711193806
7.472e-06,-72.65570475493438,-0.0483506378387793,-1328.404336770769
7.48e-06,-72.61896351442599,-0.04836037327832971,-1176.8524707175034
7.488e-06,-72.58600575392231,-0.0483687775117306,-1025.179173401043
7.496e-06,-72.54254532375174,-0.04837575567572141,-874.2122104200246
7.504e-06,-72.4986580695112,-0.048381484390714845,-722.790887551958
7.512e-06,-72.44924323994826,-0.04838604104516032,-573.2049536742095
7.52e-06,-72.40053379397692,-0.04838941315704985,-423.6322880173389
7.528e-06,-72.35023017478495,-0.048391628810901366,-273.52201662077476
7.536e-06,-72.30051418856618,-0.048393055601849456,-122.19357364016298
7.544e-06,-72.24551661017684,-0.048393166789157956,27.572755127843237
7.552e-06,-72.1909488412232,-0.048391427518785564,177.98930351390655
7.56e-06,-72.12738951897006,-0.04838860293782055,327.6349563262996
7.568e-06,-72.06570412312082,-0.04838484595086051,477.97911271861
7.576e-06,-72.00116737238194,-0.0483794438352506,627.2208141132492
7.584e-06,-71.9333964861232,-0.04837257633190551,777.6852343900821
7.592e-06,-71.8647332728921,-0.048364668453196494,927.6443286098115
7.6e-06,-71.79115572405671,-0.04835575577284623,1076.545888263448
7.608e-06,-71.72105038113816,-0.04834621337519411,1226.5115489296704
7.616e-06,-71.6411831684099,-0.048335360990805994,1374.999002890991
7.624e-06,-71.56039800903369,-0.04832313933014404,1522.4401123576604
7.632e-06,-71.47853291984066,-0.04830982299738351,1670.8505300967245
7.64e-06,-71.39861650918903,-0.04829524036491486,1818.8128809298723
7.648e-06,-71.31653620615465,-0.04827926536445763,1967.0202281620925
7.656e-06,-71.22793273820201,-0.04826182560036564,2114.007644547661
7.664e-06,-71.13643124618824,-0.04824327556166512,2260.4405326513006
7.672e-06,-71.04216080798865,-0.04822373133103012,2407.4779782134547
7.68e-06,-70.94971880209503,-0.04820334893356024,2553.788306541026
7.688e-06,-70.85184464994781,-0.04818192179202364,2699.6020653221844
7.696e-06,-70.75162056960762,-0.04815924769789126,2845.5220063948454
7.704e-06,-70.64406176469517,-0.04813531791375754,2990.671501425936
7.712e-06,-70.53834139880199,-0.048110131815522074,3135.935455290051
7.72e-06,-70.42848914358076,-0.04808344662812993,3280.512116717504
7.728e-06,-70.31963341381193,-0.04805541962488149,3424.902710721519
7.736e-06,-70.21219808456685,-0.048026834675876984,3569.2440889210925
7.744e-06,-70.09294769007343,-0.04799731170397386,3713.3294155097824
7.752e-06,-69.97209247881099,-0.04796640822198973,3857.5402566115695
7.76e-06,-69.8482930301217,-0.047934413188409,4001.742984595485
7.768e-06,-69.72461633944825,-0.04790120615185482,4144.3940401545915
7.776e-06,-69.59709349467587,-0.047866589896601315,4287.88714706785
7.784e-06,-69.4727497315279,-0.04783068175352336,4430.498704676334
7.792e-06,-69.34655780792973,-0.047793579706383496,4574.081619206107
7.8e-06,-69.21958816744386,-0.04775537112923748,4716.249303668553
7.808e-06,-69.08060295245161,-0.04771629942124063,4858.663163615305
7.816e-06,-68.93979798243359,-0.04767626160582726,5000.533358972535
7.824e-06,-68.79601703587889,-0.04763500866693843,5142.894338491715
7.832e-06,-68.65302397294234,-0.0475924744499319,5284.651250823319
7.84e-06,-68.50869510346699,-0.047548755066269065,5427.536947622286
7.848e-06,-68.36440207939377,-0.0475035902660838,5569.511562730574
7.856e-06,-68.21459323396681,-0.04745726339095692,5710.404059017816
7.864e-06,-68.0603061094958,-0.04741011894430831,5850.607904438583
7.872e-06,-67.90277080519331,-0.04736187420865752,5988.992192359406
7.88e-06,-67.74249242167947,-0.047312762597553515,6127.42779858376
7.888e-06,-67.58184402656074,-0.047262767260285554,6267.647134131462
7.896e-06,-67.42118500244058,-0.04721173404405523,6406.5889481514
7.904e-06,-67.2582812620478,-0.04715953937698371,6545.0303514667885
7.912e-06,-67.09324224320349,-0.04710573328268383,6683.77282094542
7.92e-06,-66.92095001869966,-0.04705052857939139,6821.87079578459
7.928e-06,-66.74950643978707,-0.04699437773989517,6958.777916543488
7.936e-06,-66.56765372270216,-0.04693741369757998,7094.510138802079
7.944e-06,-66.38589676199334,-0.046879322529945484,7231.910354598871
7.952e-06,-66.19811866029777,-0.04682012296000366,7369.9475358407235
7.96e-06,-66.01534967512599,-0.04675993169452895,7507.064561399173
7.968e-06,-65.83204933524823,-0.04669882549787036,7644.135346962014
7.976e-06,-65.6503837692428,-0.04663672510927733,7782.660483591418
7.984e-06,-65.45449406981258,-0.04657334718716898,7920.964662550773
7.992e-06,-65.25561123324533,-0.04650883090593417,8059.517210336478
8e-06,-65.05276338073242,-0.04644313257854502,8196.287899507934
8.008e-06,-64.85403841053555,-0.0463763682876756,8331.69686089239
8.016e-06,-64.65299425155402,-0.046308536161024726,8468.911342200445
8.024e-06,-64.45392131814162,-0.04623955506554062,8605.301488401714
8.032e-06,-64.24851898815504,-0.04616953671519455,8741.952125343354
8.04e-06,-64.0359012973141,-0.0460985279175164,8877.578274415628
8.048e-06,-63.819263400860024,-0.04602658921024483,9014.681389296897
8.056e-06,-63.60114810877155,-0.045953413535983846,9151.456281125224
8.064e-06,-63.384630396324084,-0.045878808671810815,9288.062622297592
8.072e-06,-63.167588921083535,-0.04580312224164755,9424.74194172849
8.08e-06,-62.94978167284291,-0.04572641353503191,9560.936055409848
8.088e-06,-62.72367305571339,-0.04564869066526906,9696.994974185298
8.096e-06,-62.495888060317355,-0.04556998608557971,9831.823195820312
8.104e-06,-62.25924601229216,-0.04549014189856308,9966.92924889644
8.112e-06,-62.024104228579276,-0.04540909631827978,10102.649900854352
8.12e-06,-61.785031816390976,-0.04532675635377042,10239.155768792878
8.128e-06,-61.5537212365112,-0.04524329737724695,10375.425931130663
8.136e-06,-61.31516801532007,-0.04515895779506152,10510.219506952146
8.144e-06,-61.0737890766945,-0.04507339310379424,10645.56273737839
8.152e-06,-60.82283980687292,-0.04498672250662121,10781.402585113823
8.16e-06,-60.57410913420177,-0.04489925181273761,10917.658996920241
8.168e-06,-60.319467046072106,-0.04481076071470278,11053.03558216
8.176e-06,-60.06969327737347,-0.04472124109921162,11189.160401404733
8.184e-06,-59.81488335656828,-0.04463054380626887,11324.447388341372
8.192e-06,-59.56125104781603,-0.04453869504809129,11460.985898866013
8.2e-06,-59.296646773770426,-0.04444586333178644,11597.282780736228
8.208e-06,-59.03528400652826,-0.04435178591108659,11734.092489762192
8.216e-06,-58.76776115594784,-0.04425668871033596,11870.078030382847
8.224e-06,-58.49321536645226,-0.044160674706100266,12006.34712508189
8.232e-06,-58.21684903477709,-0.04406357975997473,12143.567827726907
8.24e-06,-57.9465964752863,-0.043965592974380054,12280.228709786039
8.248e-06,-57.67551192650893,-0.043866662548983186,12417.79559756923
8.256e-06,-57.39740556620827,-0.043766541340026374,12555.001920806211
8.264e-06,-57.1193049802548,-0.04366497409044674,12690.952092147627
8.272e-06,-56.8329366338106,-0.04356192335422041,12827.583658626454
8.28e-06,-56.54704024509206,-0.043457759846983926,12964.23858485353
8.288e-06,-56.25471365400094,-0.043353020919180224,13100.345864854171
8.296e-06,-55.968453809521485,-0.043247266580028546,13236.679955339145
8.304e-06,-55.66965926580814,-0.043140031874732115,13373.251006836901
8.312e-06,-55.374600676271875,-0.04303179548829647,13510.906546564494
8.32e-06,-55.07220538458076,-0.04292251186139248,13649.308959525923
8.328e-06,-54.77446721991398,-0.04281179592407443,13786.66884386465
8.336e-06,-54.47080136897935,-0.042699870480184525,13923.000402453721
8.344e-06,-54.16716617825267,-0.042586983297580865,14060.201370639574
8.352e-06,-53.85627083567828,-0.042473049498609264,14197.063073203737
8.36e-06,-53.5470999386694,-0.04235812025950243,14333.797667757168
8.368e-06,-53.23515715536618,-0.04224218996335674,14469.292346016024
8.376e-06,-52.92061632231065,-0.042125169363815246,14606.594396645363
8.384e-06,-52.6006341476869,-0.042007155196439716,14744.563036416845
8.392e-06,-52.27707375190901,-0.041888254182398194,14882.158743890239
8.4e-06,-51.95809219205835,-0.04176809872655612,15019.827163649012
8.408e-06,-51.63845195173059,-0.041646648262387634,15156.420693624803
8.416e-06,-51.31544123501838,-0.041524189876075916,15292.481654493471
8.424e-06,-50.991184995242314,-0.04140079970786958,15428.30022390793
8.432e-06,-50.66053056293916,-0.041276339831580564,15564.76407979391
8.44e-06,-50.32770681788279,-0.04115057059265595,15701.269468231529
8.448e-06,-49.98912462140237,-0.041023656753600916,15838.224046468806
8.456e-06,-49.65392674680913,-0.040895680071567554,15975.217458660329
8.464e-06,-49.32010414393294,-0.04076653756999028,16113.411753712293
8.472e-06,-48.98201093889639,-0.04063646328651831,16251.51540857684
8.48e-06,-48.64148961316604,-0.040505570807424195,16388.285361171223
8.488e-06,-48.29550004282409,-0.04037363171196217,16523.468250521473
8.496e-06,-47.9481340628671,-0.040240225980564176,16659.31508613974
8.504e-06,-47.60123758461885,-0.04010540728586452,16796.51211857841
8.512e-06,-47.247839118638495,-0.03996964495136262,16933.514642223676
8.52e-06,-46.89482832026918,-0.03983281415697885,17071.343036408813
8.528e-06,-46.54234839736338,-0.0396948119261475,17208.49537926936
8.536e-06,-46.18937757412521,-0.039555837346895634,17345.424453115647
8.544e-06,-45.83847972942528,-0.0394157618545412,17483.23814760113
8.552e-06,-45.482683920143124,-0.03927466783033683,17620.224313897117
8.56e-06,-45.1237145886116,-0.03913281677234928,17756.44462827594
8.568e-06,-44.75932360971318,-0.03898972625097075,17892.293417954064
8.576e-06,-44.39326552383042,-0.038845244609804444,18027.374097284468
8.584e-06,-44.02691660399826,-0.03869944986140014,18163.69760456633
8.592e-06,-43.6608800921113,-0.0385525485829897,18300.035852754954
8.6e-06,-43.2955778113071,-0.03840479353523447,18436.006141126083
8.608e-06,-42.932473362631875,-0.038256270843989276,18571.601441994553
8.616e-06,-42.56196916595104,-0.03810676207411481,18705.86392233132
8.624e-06,-42.18573767022731,-0.037955952679010314,18840.25253669261
8.632e-06,-41.80742036794381,-0.03780423334552513,18974.26932338731
8.64e-06,-41.43269464580115,-0.03765147301257567,19106.63545537148
8.648e-06,-41.05706743046549,-0.037497366495067054,19240.729044625383
8.656e-06,-40.68464627576531,-0.0373422183539937,19374.328719381836
8.664e-06,-40.30812858900676,-0.037185800168609846,19509.75421699187
8.672e-06,-39.92892682401581,-0.03702810195330911,19643.675981965975
8.68e-06,-39.54238451080717,-0.03686972034807225,19776.850470532103
8.688e-06,-39.157513075486136,-0.03671035890521016,19908.346477882515
8.696e-06,-38.77532883306993,-0.03654993836397212,20039.834015298944
8.704e-06,-38.3878326017373,-0.03638855171531754,20172.13522735573
8.712e-06,-37.99817139346298,-0.03622594807088631,20303.401879682813
8.72e-06,-37.61028350137032,-0.03606243698447599,20435.531945504048
8.728e-06,-37.219851326820184,-0.03589790736621566,20568.02034272711
8.736e-06,-36.834559917445674,-0.03573202969109511,20699.477660348144
8.744e-06,-36.44423475217737,-0.03556499493383607,20830.311884335508
8.752e-06,-36.05424253762994,-0.03539700592706806,20961.50599857091
8.76e-06,-35.65927557786569,-0.03522792412050267,21091.21571192368
8.768e-06,-35.261162533901505,-0.0350575916167391,21220.956481857123
8.776e-06,-34.8618195984234,-0.034886465257269,21350.20243026846
8.784e-06,-34.467949462381455,-0.0347148077883599,21478.627810745646
8.792e-06,-34.073102118483014,-0.03454219919044381,21605.738043390073
8.8e-06,-33.675695728547645,-0.03436843226218851,21734.386268167334
8.808e-06,-33.27996686609107,-0.03419341962953824,21862.36676920214
8.816e-06,-32.87687063965533,-0.034016974062373515,21990.459180784896
8.824e-06,-32.47721440967379,-0.0338392047782641,22117.36605119486
8.832e-06,-32.07426555476259,-0.03366053429317949,22241.753510992155
8.84e-06,-31.676975181120913,-0.03348111863221932,22366.650835715966
8.848e-06,-31.27062240952574,-0.03330101521262026,22491.17348105392
8.856e-06,-30.865814964780057,-0.03311994131690187,22614.864587533153
8.864e-06,-30.457773150146338,-0.032937890079959856,22739.244198780943
8.872e-06,-30.053626297998893,-0.03275518228939876,22862.592489739724
8.88e-06,-29.650973746705695,-0.03257121506423393,22985.441944292812
8.888e-06,-29.251528122402117,-0.03238556339209415,23106.90579669005
8.896e-06,-28.848011803920617,-0.03219876649572351,23228.77474540711
8.904e-06,-28.438314109346912,-0.032011477184138624,23349.47139775916
8.912e-06,-28.028836608534526,-0.031823440824377075,23469.522878364023
8.92e-06,-27.618683565666174,-0.03163442774749213,23589.873155931524
8.928e-06,-27.20743498405976,-0.031444482264612154,23708.99667163753
8.936e-06,-26.800892630421213,-0.031253581908122816,23829.09153489956
8.944e-06,-26.397471800812877,-0.031061814676180254,23947.820111838166
8.952e-06,-25.992111654460068,-0.030869146243262577,24065.080295451236
8.96e-06,-25.58018417852442,-0.03067546364719777,24181.45719203699
8.968e-06,-25.174009844361162,-0.030480683882632705,24298.070676430274
8.976e-06,-24.76063043406612,-0.030284798212161883,24413.55379222378
8.984e-06,-24.346674385090324,-0.030088093721968513,24529.076233647305
8.992e-06,-23.92824353784212,-0.02989083191011948,24643.13826655921
9e-06,-23.518043766806144,-0.029692789348672276,24756.75709078974
9.008e-06,-23.110661953193055,-0.029493602187094542,24869.161801868184
9.016e-06,-22.704618159685815,-0.029293219249153696,24981.899065087375
9.024e-06,-22.2968198883502,-0.029091883309904674,25093.758860378628
9.032e-06,-21.884739410396335,-0.02888970733151957,25204.314096191112
9.04e-06,-21.46698560435233,-0.02868642107852591,25313.80827797578
9.048e-06,-21.051306199219002,-0.028482566894169906,25423.373633334908
9.056e-06,-20.63969679889785,-0.028278257740623466,25531.63817718914
9.064e-06,-20.230284558311393,-0.028073285168353657,25640.66082321446
9.072e-06,-19.825067571321092,-0.027867320276450582,25749.090235307518
9.08e-06,-19.41741990579105,-0.027660007327687208,25855.5110063978
9.088e-06,-19.005289782997867,-0.027451849346984563,25960.353734386477
9.096e-06,-18.58949073532924,-0.027242635388408116,26064.63506233951
9.104e-06,-18.180477344949047,-0.02703255018567558,26167.769388536828
9.112e-06,-17.771820050360546,-0.026821804060621263,26271.915372676445
9.12e-06,-17.368872506294856,-0.02661040138194795,26374.17468557843
9.128e-06,-16.958962648707026,-0.026398342773756044,26475.94830620603
9.136e-06,-16.551122111089203,-0.026185336781159637,26576.495470279326
9.144e-06,-16.139242290287786,-0.025971367801648586,26677.476424868266
9.152e-06,-15.732561358780723,-0.025756742268518543,26777.031387778745
9.16e-06,-15.325017109425746,-0.025541307901272327,26875.981245831714
9.168e-06,-14.918936575876504,-0.02532498793556095,26973.472326331736
9.176e-06,-14.5161933523805,-0.02510797397020668,27069.128180328567
9.184e-06,-14.111723435000702,-0.024890156787639915,27163.201391480234
9.192e-06,-13.70864055785364,-0.024671445269202317,27257.320749443235
9.2e-06,-13.301591342600966,-0.024452117139571215,27350.43683370589
9.208e-06,-12.893317950377346,-0.024232320934641404,27443.309662101576
9.216e-06,-12.491443539451009,-0.024011995492573844,27536.357569670432
9.224e-06,-12.088043469206925,-0.023791123962657795,27628.01593793146
9.232e-06,-11.690522054597695,-0.023568865681656854,27718.133494182264
9.24e-06,-11.287610524840797,-0.023345378546971596,27807.167279113266
9.248e-06,-10.891277032060223,-0.02312138464276294,27895.357768984664
9.256e-06,-10.485533693720576,-0.022896628711967983,27982.88802450567
9.264e-06,-10.083945781740335,-0.02267130672211178,28069.43593204558
9.272e-06,-9.682114160787904,-0.02244564147703662,28153.750358547382
9.28e-06,-9.282706934075101,-0.022219492554152693,28237.655791847963
9.288e-06,-8.884595714950137,-0.0219925716190761,28321.261361015404
9.296e-06,-8.488978483677707,-0.021764676463277777,28403.960348964058
9.304e-06,-8.093316718408795,-0.021535868248596775,28485.349641997986
9.312e-06,-7.6988471348124055,-0.021306324219546192,28565.827669314014
9.32e-06,-7.308199936339906,-0.02107633957561452,28645.00092877446
9.328e-06,-6.916867043628103,-0.020845674662248626,28723.74452920016
9.336e-06,-6.523629434997989,-0.02061473826520948,28800.815371047436
9.344e-06,-6.129312316797491,-0.020383411805421404,28876.750692469803
9.352e-06,-5.734436317751369,-0.020151137337128342,28951.569577977913
9.36e-06,-5.338801032854999,-0.01991832427019166,29024.835095014092
9.368e-06,-4.951323519458926,-0.019684972604611165,29097.343533969484
9.376e-06,-4.565221934010824,-0.01945084830273759,29169.145039213345
9.384e-06,-4.182399987070299,-0.019215943251265768,29239.41061970373
9.392e-06,-3.79608888454409,-0.01898036042676141,29307.827881068522
9.4e-06,-3.4108736698837405,-0.018744242748215723,29375.77681708238
9.408e-06,-3.0186340373641753,-0.01850779429645905,29443.452191273558
9.416e-06,-2.634643457096835,-0.018271060630820256,29509.848707047222
9.424e-06,-2.251500915487905,-0.01803383829456961,29574.751645396027
9.432e-06,-1.8778484396278619,-0.0177960935862856,29637.869195367097
9.44e-06,-1.4932735414848657,-0.017557660495262285,29700.867256896498
9.448e-06,-1.1147548150992201,-0.01731858582902954,29761.563414856137
9.456e-06,-0.7297324474735107,-0.01707910861804,29821.443994219655
9.464e-06,-0.3509953715617452,-0.01683919453677156,29878.82918531034
9.472e-06,0.025903784981524958,-0.016599027070741415,29937.8930383661
9.48e-06,0.39975049145667996,-0.016358501995183062,29994.72024211899
9.488e-06,0.772467051902264,-0.016117078839151575,30050.5015598063
9.496e-06,1.1484937130626585,-0.01587505092983426,30105.635972706557
9.504e-06,1.5208139011394364,-0.015632638574671502,30158.389718394013
9.512e-06,1.8965912317238,-0.015390033996586066,30210.485193624478
9.52e-06,2.269815217883498,-0.01514739197247674,30260.70142519873
9.528e-06,2.6406800700294926,-0.01490423693784002,30310.69315622808
9.536e-06,3.0096166086133396,-0.014660394144564399,30359.741539463786
9.544e-06,3.3685979349470774,-0.014416282364017215,30407.378801168266
9.552e-06,3.734642968946276,-0.014172081961213372,30452.963478234124
9.56e-06,4.104365881493861,-0.01392739912880166,30498.689745268268
9.568e-06,4.476716929395627,-0.013682043516160602,30542.734691073987
9.576e-06,4.84258959205813,-0.013436130581863874,30585.196755688878
9.584e-06,5.20314419890084,-0.013189931185484333,30627.114796088576
9.592e-06,5.564935906099652,-0.012943579508607719,30667.72623959892
9.6e-06,5.921136798165535,-0.012697048090816294,30706.003178628755
9.608e-06,6.282790957907665,-0.012450171545504618,30743.435121400937
9.616e-06,6.636280178523792,-0.012203057217941198,30777.37670028149
9.624e-06,6.999515024001471,-0.011955477311480663,30811.838739934778
9.632e-06,7.360086836701819,-0.011707376281187669,30846.481736393438
9.64e-06,7.722978308539583,-0.011459008760024503,30879.45570539005
9.648e-06,8.073489147516554,-0.011210672443881246,30911.43529346145
9.656e-06,8.425700696218806,-0.010962248129581832,30942.332115572844
9.664e-06,8.771990698291532,-0.01071371959051591,30972.33678035846
9.672e-06,9.125568193281461,-0.010465026288944839,30999.82835186215
9.68e-06,9.480902522712281,-0.010215715127979575,31025.257038823027
9.688e-06,9.837882642128507,-0.009965798589627867,31050.64620535668
9.696e-06,10.185129637397429,-0.009715627418313662,31075.412953023028
9.704e-06,10.524239117042791,-0.009465626002307792,31099.00920245278
9.712e-06,10.867160029544204,-0.009215609607892363,31121.817037668305
9.72e-06,11.212884428445136,-0.00896537602653833,31143.680788044865
9.728e-06,11.56027824326113,-0.008715112488365283,31164.73678121558
9.736e-06,11.90786885542797,-0.008464716640907699,31183.365229872543
9.744e-06,12.252519169977994,-0.008214098613708323,31200.776903304544
9.752e-06,12.593702995578742,-0.007963385723248414,31217.23355187833
9.76e-06,12.929717038797707,-0.007712353293384581,31232.20411569717
9.768e-06,13.276500015765361,-0.007460990714410159,31246.73125590208
9.776e-06,13.613620567769923,-0.007209494577950397,31260.650753266164
9.784e-06,13.951862834206462,-0.006957950385759974,31274.000634459
9.792e-06,14.284553943031934,-0.006706351272734497,31286.26435244666
9.8e-06,14.62042461110801,-0.006454799591339291,31297.070493038387
9.808e-06,14.957814354372093,-0.0062033702336221465,31306.799699412666
9.816e-06,15.294018250370064,-0.005951781730303551,31315.42946967824
9.824e-06,15.627001606627552,-0.005699925487913979,31322.288067550464
9.832e-06,15.955318355263353,-0.005447762188128455,31327.19836942161
9.84e-06,16.285688156292437,-0.005195362978392383,31332.246579312206
9.848e-06,16.609983412714588,-0.004943144133671415,31337.03994055855
9.856e-06,16.936985590993952,-0.0046910962924596785,31341.095641637767
9.864e-06,17.262430589858823,-0.004439005388320355,31343.564159129364
9.872e-06,17.5961366794191,-0.004187232151283763,31343.91609031793
9.88e-06,17.92378216766329,-0.0039354813818615044,31343.619844449924
9.888e-06,18.247148576084093,-0.0036834990711914887,31344.534480722017
9.896e-06,18.56856656457675,-0.0034314768180959752,31343.609321652704
9.904e-06,18.890202764399106,-0.003179219279150417,31342.285667829743
9.912e-06,19.21200016104461,-0.0029269280387832467,31337.808618908773
9.92e-06,19.53178064244686,-0.0026747628666965303,31332.512992637992
9.928e-06,19.855193309490748,-0.002422876043387446,31326.868347303745
9.936e-06,20.175875565327853,-0.0021712519663460383,31321.756542668943
9.944e-06,20.490441563061463,-0.0019195498767548454,31314.882692078932
9.952e-06,20.808279095012328,-0.0016677672782123827,31307.508059452124
9.96e-06,21.124821709591558,-0.0014161719097892968,31298.056523436644
9.968e-06,21.442100455252238,-0.001164793728304816,31289.36390717874
9.976e-06,21.756163180437653,-0.000913364370587672,31279.08464396215
9.984e-06,22.068726677379694,-0.0006620760595605398,31267.712846827686
9.992e-06,22.376254083635903,-0.00041090632760919053,31254.793856200224
