Bmax (T) =,0.04623917525192038,Freq(Hz) =,10000.0,Hc =,nan,Br (T) =,0.026389533031104077,Hmax =,nan,µr =,4300,W(J/m³) =,nan,P(W/m³) =,nan
temps (s),ChampH (A/m),ChampB (T),dB/dt (T/s)
0.0,nan,-0.00014704894499001627,2584.833423809691
9.6e-08,nan,9.851914366551186e-05,2587.2434486782595
1.92e-07,nan,0.00034585283974730946,2589.215710778544
2.88e-07,nan,0.0005940360917351691,2592.258721716998
3.84e-07,nan,0.0008435810151051782,2592.914521868721
4.8e-07,nan,0.0010930118042121058,2596.0342366535906
5.76e-07,nan,0.001344042457945874,2596.8096579727626
6.72e-07,nan,0.0015945431317102039,2598.457111543036
7.68e-07,nan,0.001844760950996465,2599.505217941595
8.64e-07,nan,0.0020951395507228907,2600.981677502759
9.6e-07,nan,0.0023451261240674303,2601.3519441055764
1.056e-06,nan,0.002597144287294793,2603.4474283850686
1.152e-06,nan,0.0028512972574777132,2603.181550291437
1.248e-06,nan,0.0031008401959040166,2603.9233755299147
1.344e-06,nan,0.00335065606408986,2604.7283371840244
1.44e-06,nan,0.0036024380190162572,2606.428500369959
1.536e-06,nan,0.003854731096946886,2606.058054430175
1.632e-06,nan,0.004107574004284007,2606.791454740805
1.728e-06,nan,0.004358555034425131,2607.156733542089
1.824e-06,nan,0.004607314912559512,2605.060523413306
1.92e-06,nan,0.0048578533002542525,2606.0519844634864
2.016e-06,nan,0.005107736656526092,2607.241017446889
2.112e-06,nan,0.005356803208463013,2607.6711731011105
2.208e-06,nan,0.005607663157038085,2607.1763467383785
2.304e-06,nan,0.005855504006236703,2607.2669239433367
2.4e-06,nan,0.0061038222343965534,2607.243202565395
2.496e-06,nan,0.006354538274552939,2606.546350445274
2.592e-06,nan,0.006605221563138199,2607.4897759967744
2.688e-06,nan,0.006854386369788556,2605.3256961355637
2.784e-06,nan,0.007104259801341867,2606.231582861517
2.88e-06,nan,0.007354024060991361,2604.1736691173305
2.976e-06,nan,0.007604152557810861,2603.0042844529617
3.072e-06,nan,0.00785466216382187,2601.2536274867593
3.168e-06,nan,0.008102485148527133,2599.301547372593
3.264e-06,nan,0.008351171583744403,2597.790828928623
3.36e-06,nan,0.0085996783815563,2595.4185759616007
3.456e-06,nan,0.008850956160781432,2594.43800085125
3.552e-06,nan,0.009100799818179154,2591.9721137597267
3.648e-06,nan,0.009347852644726587,2591.367008320135
3.744e-06,nan,0.009595387812594518,2588.854461349934
3.84e-06,nan,0.009843677259070637,2588.086350401103
3.936e-06,nan,0.010090215985198278,2587.82219102577
4.032e-06,nan,0.01033892921715556,2584.9640771789846
4.128e-06,nan,0.010589170855766288,2584.5860219532374
4.224e-06,nan,0.010836235591975954,2581.1392793279238
4.32e-06,nan,0.011083628836368922,2579.4961378497746
4.416e-06,nan,0.011329552229947778,2577.8948048441493
4.512e-06,nan,0.011577910156981744,2576.974316304077
4.608e-06,nan,0.011826086461666635,2573.834635420042
4.704e-06,nan,0.012074671664754908,2571.9726286298173
4.8e-06,nan,0.012321831678262452,2568.1185881183587
4.896e-06,nan,0.012568413080679767,2566.123693320991
4.992e-06,nan,0.012812543077620472,2562.0300252414613
5.088e-06,nan,0.013055533716874073,2561.205548747147
5.184e-06,nan,0.013302776105545405,2558.5121469652504
5.28e-06,nan,0.013547384473919198,2555.172012842157
5.376e-06,nan,0.013791599823439252,2552.6853697000706
5.472e-06,nan,0.01403637393461246,2550.203816190641
5.568e-06,nan,0.014282528574133035,2546.899293051772
5.664e-06,nan,0.014529339237548363,2544.1011108256484
5.76e-06,nan,0.014774967866986915,2541.0722400172267
5.856e-06,nan,0.015018421990595809,2539.165971685449
5.952e-06,nan,0.015264042680259538,2536.1817520576105
6.048e-06,nan,0.015510667751438379,2533.1449114276666
6.144e-06,nan,0.015753132380609956,2530.1202820315066
6.24e-06,nan,0.01599420655671565,2527.2275455395334
6.336e-06,nan,0.016234143360077943,2525.0650372658424
6.432e-06,nan,0.016474926741930747,2521.1038112091096
6.528e-06,nan,0.016716008857811267,2517.816755924837
6.624e-06,nan,0.016960400867321132,2513.3753858659907
6.72e-06,nan,0.01720300444255211,2510.2180448210465
6.816e-06,nan,0.017440210955847142,2506.323012844142
6.912e-06,nan,0.017677960351245695,2503.3632872324883
7.008e-06,nan,0.01791784951595904,2499.436080963299
7.104e-06,nan,0.018159741488871506,2495.1554546581083
7.2e-06,nan,0.01839728345765281,2490.460927267379
7.296e-06,nan,0.018633620565604716,2486.255403062689
7.392e-06,nan,0.0188696063385207,2482.305963664132
7.488e-06,nan,0.019105707238171624,2476.4476124821404
7.584e-06,nan,0.019341844859281105,2472.651818692648
7.68e-06,nan,0.019576525531710562,2467.4355405037945
7.776e-06,nan,0.01981334101109556,2463.118185305941
7.872e-06,nan,0.02005022000867914,2458.1629591847777
7.968e-06,nan,0.020290566702916676,2453.004159051122
8.064e-06,nan,0.0205304777020108,2447.107063514451
8.16e-06,nan,0.020768069294384742,2441.797302241292
8.256e-06,nan,0.02100476666961925,2436.5802644455985
8.352e-06,nan,0.0212419453937024,2430.343577552367
8.448e-06,nan,0.021476191363460278,2424.784137029485
8.544e-06,nan,0.021709255299241392,2417.5331331796274
8.64e-06,nan,0.021943042747003257,2412.9428430096696
8.736e-06,nan,0.022171100654758455,2403.7336058641235
8.832e-06,nan,0.022402388065922922,2399.518271493168
8.928e-06,nan,0.02263220761121698,2391.4890495362692
9.024e-06,nan,0.022861457477667487,2385.169666459879
9.12e-06,nan,0.02309238759896492,2377.1984325205212
9.216e-06,nan,0.02331803876247689,2370.1959569369965
9.312e-06,nan,0.02354282746794871,2363.2480272182947
9.408e-06,nan,0.0237693291798386,2355.707288308192
9.504e-06,nan,0.023997156834123932,2348.4097180955046
9.6e-06,nan,0.024224128977672087,2340.6046600822674
9.696e-06,nan,0.024449893282975282,2331.976708456122
9.792e-06,nan,0.024676764194394442,2322.3793128980965
9.888e-06,nan,0.024899329762915815,2312.9569651092006
9.984e-06,nan,0.02511707291070404,2304.8849796018567
1.008e-05,nan,0.025341242313739663,2295.359093758125
1.0176e-05,nan,0.025565288650265527,2286.888458874172
1.0272e-05,nan,0.02578487680322827,2277.576209087653
1.0368e-05,nan,0.0260054613979313,2269.125704064195
1.0464e-05,nan,0.026225983466907604,2259.5922002468947
1.056e-05,nan,0.02644391220693233,2250.9343233008567
1.0656e-05,nan,0.026659605900344385,2240.153726065234
1.0752e-05,nan,0.026876084638992062,2232.6932172999095
1.0848e-05,nan,0.027090235038672885,2222.621120461469
1.0944e-05,nan,0.027303129961459813,2213.250869688062
1.104e-05,nan,0.027515994117619305,2202.468567013768
1.1136e-05,nan,0.027725088865681563,2192.572869239165
1.1232e-05,nan,0.027936701514834576,2181.8830348129486
1.1328e-05,nan,0.028148764746208803,2170.3876693222523
1.1424e-05,nan,0.028358646524450384,2160.779454408675
1.152e-05,nan,0.028568333778208808,2148.2478944652535
1.1616e-05,nan,0.028773987626357148,2136.762583448653
1.1712e-05,nan,0.02897620255953526,2124.956731377112
1.1808e-05,nan,0.029178287478900642,2113.355638679544
1.1904e-05,nan,0.029379537729437757,2102.57820807549
1.2e-05,nan,0.029581647460599464,2090.2325404508006
1.2096e-05,nan,0.02978414227084008,2078.4407169356386
1.2192e-05,nan,0.029982475646601583,2065.5657880173276
1.2288e-05,nan,0.030182743350004353,2052.6440502279333
1.2384e-05,nan,0.030381474706978856,2039.578807000578
1.248e-05,nan,0.030576142884187685,2026.9253679194373
1.2576e-05,nan,0.030770863662404717,2014.4986792057
1.2672e-05,nan,0.030963182658737792,2001.9995638010957
1.2768e-05,nan,0.03115332913418491,1991.3089321010727
1.2864e-05,nan,0.031345174721444144,1978.7299878569277
1.296e-05,nan,0.03153529440015122,1967.8022417264376
1.3056e-05,nan,0.031724075234328776,1954.935995013155
1.3152e-05,nan,0.03191255931942232,1944.7484618259934
1.3248e-05,nan,0.03209722735024155,1931.7824964387553
1.3344e-05,nan,0.03228339401355863,1920.326656814751
1.344e-05,nan,0.032465023095564344,1907.1964051793177
1.3536e-05,nan,0.0326489388327191,1894.776117492028
1.3632e-05,nan,0.03283181644431574,1882.4765242015237
1.3728e-05,nan,0.03301049093761544,1869.8464088542892
1.3824e-05,nan,0.033190681927906335,1857.7734693126247
1.392e-05,nan,0.03336895447010561,1845.1140827600068
1.4016e-05,nan,0.033545792890477495,1832.430766451066
1.4112e-05,nan,0.03371961022652921,1819.0086597939103
1.4208e-05,nan,0.03389286483104035,1806.3133779862633
1.4304e-05,nan,0.03406565396625248,1793.1803476828236
1.44e-05,nan,0.0342358170209419,1781.5669301300243
1.4496e-05,nan,0.034407612691829285,1769.3820328182367
1.4592e-05,nan,0.03458079385342331,1757.4466488229416
1.4688e-05,nan,0.034753489696281274,1744.3383755218645
1.4784e-05,nan,0.0349238294109605,1731.908703174729
1.488e-05,nan,0.03509004540509103,1720.507234298276
1.4976e-05,nan,0.03525506150075142,1707.721078666058
1.5072e-05,nan,0.03541786835406731,1695.1711388558072
1.5168e-05,nan,0.03558002414584771,1682.9488093898317
1.5264e-05,nan,0.035741793866077336,1671.3089765572752
1.536e-05,nan,0.03590130670531352,1659.1068236166402
1.5456e-05,nan,0.036060783815563,1646.8156383131563
1.5552e-05,nan,0.036216741620622175,1634.8783909509627
1.5648e-05,nan,0.036369587033950726,1622.9276127079763
1.5744e-05,nan,0.036522397710764425,1611.271344356366
1.584e-05,nan,0.03667394596338127,1598.793004673542
1.5936e-05,nan,0.03682379907407338,1586.5046528320222
1.6032e-05,nan,0.036971962005200046,1574.9881665355126
1.6128e-05,nan,0.037123629354439226,1563.7442188702134
1.6224e-05,nan,0.037273694854107864,1552.7921941761092
1.632e-05,nan,0.03742402832117678,1541.8605110097596
1.6416e-05,nan,0.03757350528503666,1529.9949206787974
1.6512e-05,nan,0.03771945897381883,1517.90410093163
1.6608e-05,nan,0.03786636543557976,1505.8012376834863
1.6704e-05,nan,0.038010744071531405,1493.8123252038213
1.68e-05,nan,0.038151689747343946,1482.1254496795327
1.6896e-05,nan,0.03829297087864276,1470.7107580219501
1.6992e-05,nan,0.03843400686939391,1459.4792709246597
1.7088e-05,nan,0.038577471438769065,1448.6794814071486
1.7184e-05,nan,0.03872057871827717,1436.885846774824
1.728e-05,nan,0.038860296706407706,1425.7510263962909
1.7376e-05,nan,0.03899903909470687,1413.5611998622423
1.7472e-05,nan,0.039136474397575775,1401.9440033879723
1.7568e-05,nan,0.0392711208545381,1390.15332465077
1.7664e-05,nan,0.039405068611316,1379.9300936654026
1.776e-05,nan,0.03953686865900428,1367.9115811545523
1.7856e-05,nan,0.03966801764515706,1358.0104981826012
1.7952e-05,nan,0.03979663781302871,1345.6386782643299
1.8048e-05,nan,0.03992179524660567,1333.2452492348605
1.8144e-05,nan,0.040048913804563914,1322.4094016938586
1.824e-05,nan,0.04017668937888876,1309.7159078571199
1.8336e-05,nan,0.04030105085003972,1299.3945407689298
1.8432e-05,nan,0.04042511557210665,1285.9239389768038
1.8528e-05,nan,0.04054772731538099,1274.965731190998
1.8624e-05,nan,0.04066832831068139,1262.7699960935274
1.872e-05,nan,0.04079022348927793,1250.4093341611933
1.8816e-05,nan,0.04090821924596453,1237.517922314332
1.8912e-05,nan,0.04102697027373115,1226.1872549263041
1.9008e-05,nan,0.041147008537490974,1212.655546701271
1.9104e-05,nan,0.04126743287280157,1202.0940232802145
1.92e-05,nan,0.041383570722179575,1188.0395806962074
1.9296e-05,nan,0.04149517496013363,1178.0576261861017
1.9392e-05,nan,0.04160871352572895,1165.3499769539687
1.9488e-05,nan,0.04172078720286942,1154.835859552643
1.9584e-05,nan,0.041829006119333316,1141.7241479462189
1.968e-05,nan,0.041937713331948824,1128.8828717021345
1.9776e-05,nan,0.0420475837215759,1116.2089774717915
1.9872e-05,nan,0.0421568407635979,1102.624083116033
1.9968e-05,nan,0.042265449721499974,1090.559786312855
2.0064e-05,nan,0.042371347246299984,1077.6033263431575
2.016e-05,nan,0.04247468022383216,1064.7780817066064
2.0256e-05,nan,0.042577802797331525,1052.7084779565673
2.0352e-05,nan,0.04268094919015535,1038.9077533031048
2.0448e-05,nan,0.04278074797541943,1025.434491180546
2.0544e-05,nan,0.042878228346435183,1011.8578148635586
2.064e-05,nan,0.04297733140893039,998.5226018053149
2.0736e-05,nan,0.04307468375107713,983.5988955233599
2.0832e-05,nan,0.04317152497021962,970.2474833109397
2.0928e-05,nan,0.04326574507119867,957.0770453027119
2.1024e-05,nan,0.043356069720155176,943.4629821311855
2.112e-05,nan,0.04344515576423928,930.77093087105
2.1216e-05,nan,0.043532988316373214,916.6709650572075
2.1312e-05,nan,0.04362074246323076,903.4147615974694
2.1408e-05,nan,0.04370884397523682,889.3400192482578
2.1504e-05,nan,0.04379563542439707,874.9042205834576
2.16e-05,nan,0.043881947509652394,859.8050540573576
2.1696e-05,nan,0.04396700709542938,845.680986907018
2.1792e-05,nan,0.044046345080974526,830.6713583002502
2.1888e-05,nan,0.04412537242282971,818.2472560723144
2.1984e-05,nan,0.0442046399428733,803.9078294923934
2.208e-05,nan,0.04428070574871951,789.8586638830151
2.2176e-05,nan,0.04435780968012383,775.3279194517083
2.2272e-05,nan,0.04443389136551968,762.1403190822643
2.2368e-05,nan,0.04450612226012637,747.4658430250264
2.2464e-05,nan,0.04457504822346297,733.3672266442641
2.256e-05,nan,0.04464243089306835,718.285753416079
2.2656e-05,nan,0.04470676171172613,704.4620454586674
2.2752e-05,nan,0.0447712652204863,688.0526186299469
2.2848e-05,nan,0.044839497445997745,673.3540811991886
2.2944e-05,nan,0.04490401286442015,658.2480471223212
2.304e-05,nan,0.04496434104409526,643.2174393797363
2.3136e-05,nan,0.0450246205926496,627.6394133757923
2.3232e-05,nan,0.04508601865698212,612.9796929032594
2.3328e-05,nan,0.04514482934719419,596.1491860496886
2.3424e-05,nan,0.04520047901455484,580.7629653337549
2.352e-05,nan,0.045258269443702155,563.8683255964011
2.3616e-05,nan,0.04531663451405228,547.0775395841715
2.3712e-05,nan,0.04536817237052646,531.2245940491551
2.3808e-05,nan,0.04542044167875621,516.7197560522427
2.3904e-05,nan,0.04546907953247628,501.6039407884717
2.4e-05,nan,0.04551587535843742,484.9768231496478
2.4096e-05,nan,0.04556161618681894,468.8721069484132
2.4192e-05,nan,0.04560377319933972,453.1036973207585
2.4288e-05,nan,0.045646645784066416,437.17226710466645
2.4384e-05,nan,0.04568803263842936,419.5031889263967
2.448e-05,nan,0.04573231850307456,403.68661447887695
2.4576e-05,nan,0.045773558471603276,386.80027431966084
2.4672e-05,nan,0.045814426263187165,371.15039556518434
2.4768e-05,nan,0.04585207546855217,354.99607724209795
2.4864e-05,nan,0.04588659044780579,339.4602696414663
2.496e-05,nan,0.045920476199904685,321.19627701718974
2.5056e-05,nan,0.04595060346109673,306.0891628229585
2.5152e-05,nan,0.04597926186394652,289.7877777649143
2.5248e-05,nan,0.046008085017123876,272.95958684034093
2.5344e-05,nan,0.04603494803839181,256.76050129510907
2.544e-05,nan,0.046058838606460366,239.314006040724
2.5536e-05,nan,0.046084098785685895,223.11262945027374
2.5632e-05,nan,0.046106483773953634,207.2279865103626
2.5728e-05,nan,0.04612556482342315,190.3179160994378
2.5824e-05,nan,0.04614278201075295,173.3576969922765
2.592e-05,nan,0.046157623220466966,155.8230862895656
2.6016e-05,nan,0.046172153786491026,138.83020011682214
2.6112e-05,nan,0.04618385084537513,121.2693414327802
2.6208e-05,nan,0.046195291846521186,105.69250302426936
2.6304e-05,nan,0.046207042498885346,87.95727321132192
2.64e-05,nan,0.04621762600435052,72.38418176631033
2.6496e-05,nan,0.04622650146575689,55.283920286206765
2.6592e-05,nan,0.04623390906129284,36.48645430773682
2.6688e-05,nan,0.046237485715476694,19.869104886465905
2.6784e-05,nan,0.04623776438569343,2.02321225278895
2.688e-05,nan,0.046239033542819344,-15.08683320666269
2.6976e-05,nan,0.04623917525192038,-32.345493221789475
2.7072e-05,nan,0.04623435063186962,-50.07810918298457
2.7168e-05,nan,0.046225944180901826,-66.92339029960893
2.7264e-05,nan,0.04621847859325056,-85.64693798769935
2.736e-05,nan,0.046208979430772734,-102.969216518412
2.7456e-05,nan,0.046196663633176455,-121.346521868726
2.7552e-05,nan,0.04618478650813914,-139.09236694059211
2.7648e-05,nan,0.046170866876028616,-155.7826917369636
2.7744e-05,nan,0.04615328303783726,-174.1232098015064
2.784e-05,nan,0.04613622223231237,-192.6165334458841
2.7936e-05,nan,0.04611608476404355,-210.21335880946845
2.8032e-05,nan,0.04609310088650069,-227.39911301237902
2.8128e-05,nan,0.04607143401910659,-245.26931678818443
2.8224e-05,nan,0.04604898706883614,-262.9036338780957
2.832e-05,nan,0.04602719118010116,-280.32069323495193
2.8416e-05,nan,0.046005323833392786,-297.5588707349247
2.8512e-05,nan,0.04598017438226693,-316.2201729832027
2.8608e-05,nan,0.04594818084524364,-332.4617516461885
2.8704e-05,nan,0.04591329425276921,-351.9769395408999
2.88e-05,nan,0.0458800353141335,-368.75492765787624
2.8896e-05,nan,0.0458443517667612,-388.5436223551812
2.8992e-05,nan,0.045806752748712855,-405.5029564437372
2.9088e-05,nan,0.04576610783454802,-424.42084235276707
2.9184e-05,nan,0.04572660128559843,-441.00271644054226
2.928e-05,nan,0.045686275947370236,-458.2433919368659
2.9376e-05,nan,0.04564390909454066,-475.20468768634976
2.9472e-05,nan,0.0455998381675397,-491.16487492579165
2.9568e-05,nan,0.04555220128917134,-509.4562122793191
2.9664e-05,nan,0.04550068285338638,-526.315671937596
2.976e-05,nan,0.04545256561864123,-544.4074681884041
2.9856e-05,nan,0.0454023165543561,-561.4049700229677
2.9952e-05,nan,0.045345109269910436,-580.155191881408
3.0048e-05,nan,0.04528922098055726,-597.8459504092261
3.0144e-05,nan,0.04522976773230854,-616.0709995465344
3.024e-05,nan,0.04517324128355395,-633.0473658063592
3.0336e-05,nan,0.045114646523457966,-650.7527308644237
3.0432e-05,nan,0.04505001654202463,-667.5437595090153
3.0528e-05,nan,0.04498431072110278,-685.182953881729
3.0624e-05,nan,0.044917302777109945,-702.8114618192267
3.072e-05,nan,0.04485019558593184,-720.1123106377592
3.0816e-05,nan,0.04478116895419025,-737.0417652645604
3.0912e-05,nan,0.04471149622327245,-755.0026269779848
3.1008e-05,nan,0.04463704970274229,-770.7342097912713
3.1104e-05,nan,0.04456122563128036,-788.0948959699637
3.12e-05,nan,0.04448440214066257,-803.7274742923794
3.1296e-05,nan,0.04440378840003864,-820.5506465123722
3.1392e-05,nan,0.04432724974884262,-837.0119936258981
3.1488e-05,nan,0.04424844627687834,-855.4426950366776
3.1584e-05,nan,0.04416647086487226,-872.6619287202301
3.168e-05,nan,0.04408241026950328,-890.1014106582669
3.1776e-05,nan,0.043997097174655976,-907.1942132720587
3.1872e-05,nan,0.043912644552905104,-923.9445865373622
3.1968e-05,nan,0.043822761125175295,-941.6127840408288
3.2064e-05,nan,0.043732140290858784,-958.2432967951991
3.216e-05,nan,0.04364091007882462,-976.319048407068
3.2256e-05,nan,0.043544740334378676,-993.1099828532134
3.2352e-05,nan,0.04344928219225125,-1009.2944004964838
3.2448e-05,nan,0.04335179345271283,-1026.3737438401592
3.2544e-05,nan,0.04325225029643896,-1043.980520667681
3.264e-05,nan,0.04315393681279079,-1060.680712906451
3.2736e-05,nan,0.04305288013694128,-1078.8211626548352
3.2832e-05,nan,0.04294851852982167,-1095.87243920528
3.2928e-05,nan,0.04284219480584894,-1113.8739409705768
3.3024e-05,nan,0.0427337332975051,-1130.2249061211924
3.312e-05,nan,0.0426257471831788,-1146.4411848065788
3.3216e-05,nan,0.04251732140382167,-1162.476946628057
3.3312e-05,nan,0.042406160372037996,-1179.422529480956
3.3408e-05,nan,0.042292413951077586,-1197.3664412450753
3.3504e-05,nan,0.04217764131422129,-1213.8612963842274
3.36e-05,nan,0.042062605672324,-1232.0397090993881
3.3696e-05,nan,0.04194741123493023,-1248.4323626474325
3.3792e-05,nan,0.041829163954117024,-1266.1626459870185
3.3888e-05,nan,0.04170871437826227,-1283.5759544088999
3.3984e-05,nan,0.041585476948972785,-1299.981587795441
3.408e-05,nan,0.04145982086577784,-1317.1075254884408
3.4176e-05,nan,0.04133250437717304,-1333.5012451916282
3.4272e-05,nan,0.04120075650174512,-1349.8572827858586
3.4368e-05,nan,0.04107007354861535,-1366.0593729388495
3.4464e-05,nan,0.04093922683762984,-1383.9267154523573
3.456e-05,nan,0.040807288407606196,-1398.0454899283282
3.4656e-05,nan,0.040672103602151774,-1416.6776494236494
3.4752e-05,nan,0.04053756489587356,-1432.9503811511001
3.4848e-05,nan,0.040405851756960515,-1450.2081604293703
3.4944e-05,nan,0.040271168149791786,-1467.4786860978127
3.504e-05,nan,0.04013157974672615,-1483.1113390715648
3.5136e-05,nan,0.039992055854330924,-1498.768122919669
3.5232e-05,nan,0.03984952774963706,-1515.8657741471707
3.5328e-05,nan,0.03970365104491157,-1532.769493733588
3.5424e-05,nan,0.03955870527878409,-1548.574653662643
3.552e-05,nan,0.03941041091262499,-1564.8213912109022
3.5616e-05,nan,0.03925957780346625,-1580.9167096588287
3.5712e-05,nan,0.03910803904682009,-1597.2646819299518
3.5808e-05,nan,0.0389523626750193,-1613.4652944456511
3.5904e-05,nan,0.03879507452892942,-1629.434682353904
3.6e-05,nan,0.03863644753831002,-1646.0542266362086
3.6096e-05,nan,0.03847450072934275,-1661.884780679255
3.6192e-05,nan,0.03831392750141984,-1676.9346824107458
3.6288e-05,nan,0.03815508018204911,-1692.5298660597782
3.6384e-05,nan,0.03799580907719718,-1707.8851440753658
3.648e-05,nan,0.037834912303450256,-1723.735843864812
3.6576e-05,nan,0.03767323346188324,-1737.8490721745463
3.6672e-05,nan,0.03750477603756109,-1752.3194512876014
3.6768e-05,nan,0.03733443390919029,-1767.5115074726164
3.6864e-05,nan,0.037164631685507495,-1781.3771050695918
3.696e-05,nan,0.03699435406780714,-1796.0145968186162
3.7056e-05,nan,0.036821978364609834,-1810.8557168155992
3.7152e-05,nan,0.03664401802229635,-1824.3946624971572
3.7248e-05,nan,0.036464873661062415,-1838.346208605866
3.7344e-05,nan,0.0362865768707908,-1852.8448565609929
3.744e-05,nan,0.03610773521347199,-1865.6273308831767
3.7536e-05,nan,0.03592778000273426,-1879.697515653403
3.7632e-05,nan,0.035746246761750415,-1892.054608407845
3.7728e-05,nan,0.03556595609552641,-1905.8558920465546
3.7824e-05,nan,0.03538330433876437,-1919.3185456120611
3.792e-05,nan,0.035196229134954085,-1930.418559912859
3.8016e-05,nan,0.03500882939284788,-1943.9202453927296
3.8112e-05,nan,0.03482137804220535,-1955.8776857867085
3.8208e-05,nan,0.03463389592493536,-1968.7820313657112
3.8304e-05,nan,0.03444241613104201,-1979.3480104725709
3.84e-05,nan,0.03425384527214941,-1991.6670255838665
3.8496e-05,nan,0.03406337581460229,-2001.931165378335
3.8592e-05,nan,0.03387027729911686,-2013.4293655100284
3.8688e-05,nan,0.033678091857736105,-2024.4540387391712
3.8784e-05,nan,0.03348364655794633,-2035.031301181678
3.888e-05,nan,0.03328847675370397,-2046.4883321864277
3.8976e-05,nan,0.033092321424911676,-2056.805045697613
3.9072e-05,nan,0.032893008050683556,-2068.3362951494514
3.9168e-05,nan,0.032690239881935555,-2078.4571725727005
3.9264e-05,nan,0.03248898622523503,-2089.480543405931
3.936e-05,nan,0.03228526627598013,-2098.0719320105927
3.9456e-05,nan,0.03208297449372149,-2108.784458519868
3.9552e-05,nan,0.03188169701769652,-2117.8620748693884
3.9648e-05,nan,0.03167838695931684,-2126.3974209212615
3.9744e-05,nan,0.0314758639311165,-2135.0224351444717
3.984e-05,nan,0.03127248539217896,-2144.745924693231
3.9936e-05,nan,0.031063295930542856,-2152.4118425411743
4.0032e-05,nan,0.03085375910375821,-2161.449939539706
4.0128e-05,nan,0.030648255682583676,-2170.4168806576354
4.0224e-05,nan,0.030438595789289275,-2177.870882531856
4.032e-05,nan,0.030227973198297613,-2186.903574351549
4.0416e-05,nan,0.03001775355087818,-2194.052514805254
4.0512e-05,nan,0.02980884595124829,-2202.376929437127
4.0608e-05,nan,0.029597065145604316,-2211.406008020363
4.0704e-05,nan,0.02938402092329159,-2218.8961194231542
4.08e-05,nan,0.029172825676040813,-2227.605467380773
4.0896e-05,nan,0.028958890214004215,-2235.7839236297655
4.0992e-05,nan,0.028745686203723215,-2244.1902104876344
4.1088e-05,nan,0.028531489721589302,-2249.982019527161
4.1184e-05,nan,0.02831706000857,-2257.598814746926
4.128e-05,nan,0.028103350830115847,-2263.1249476175567
4.1376e-05,nan,0.027886372449378357,-2271.074659694081
4.1472e-05,nan,0.027667796188957695,-2279.156623721044
4.1568e-05,nan,0.027449148470563654,-2285.818438566042
4.1664e-05,nan,0.027229643256488707,-2293.2753139893125
4.176e-05,nan,0.027009694407495545,-2299.6077042080974
4.1856e-05,nan,0.026789824956250576,-2307.176406901272
4.1952e-05,nan,0.026569050370675827,-2313.9860604368755
4.2048e-05,nan,0.026345286459880206,-2321.5155006218615
4.2144e-05,nan,0.026124467213072038,-2328.0639813941375
4.224e-05,nan,0.025903407788075504,-2334.269333714039
4.2336e-05,nan,0.025680571838462292,-2340.7042993391124
4.2432e-05,nan,0.025455129657763455,-2347.3816453856675
4.2528e-05,nan,0.025228724779367294,-2353.694843881054
4.2624e-05,nan,0.025005733011673213,-2360.728733219211
4.272e-05,nan,0.024776607767928307,-2367.9584430696705
4.2816e-05,nan,0.02454921835745412,-2374.8225191681768
4.2912e-05,nan,0.024324168203137136,-2381.0323613037554
4.3008e-05,nan,0.02409692567849718,-2387.9910884107826
4.3104e-05,nan,0.02386627798292996,-2395.284721029122
4.32e-05,nan,0.02363555882938937,-2400.337094293529
4.3296e-05,nan,0.023406045529149995,-2408.150966811591
4.3392e-05,nan,0.02317314393000492,-2414.271339784014
4.3488e-05,nan,0.022942678849258637,-2421.0430673992655
4.3584e-05,nan,0.02270860117096791,-2426.931387401223
4.368e-05,nan,0.022475432596894416,-2433.549225720124
4.3776e-05,nan,0.022241746944985544,-2439.591225957452
4.3872e-05,nan,0.02200560294029712,-2447.1162520950816
4.3968e-05,nan,0.021771661230650198,-2453.8703632977094
4.4064e-05,nan,0.021538074825926644,-2461.392862707839
4.416e-05,nan,0.021300616788504978,-2468.875808761214
4.4256e-05,nan,0.021060706353134888,-2475.5225156771207
4.4352e-05,nan,0.020824948419997203,-2482.543544196951
4.4448e-05,nan,0.020587507254597067,-2489.535422082929
4.4544e-05,nan,0.020348122829308965,-2496.375890486993
4.464e-05,nan,0.020109881731595412,-2501.626987102389
4.4736e-05,nan,0.01987086253594917,-2509.5261251003644
4.4832e-05,nan,0.01962872896362863,-2515.8829895400127
4.4928e-05,nan,0.019389350493171646,-2522.674343755285
4.5024e-05,nan,0.019147882869464387,-2529.909215035244
4.512e-05,nan,0.018905229241892942,-2537.378685994655
4.5216e-05,nan,0.01866075839835884,-2544.977900296865
4.5312e-05,nan,0.018414878244793688,-2550.3327478754445
4.5408e-05,nan,0.018172481667432103,-2559.203617127256
4.5504e-05,nan,0.017927339912925493,-2564.549522058859
4.56e-05,nan,0.017681212633868938,-2570.4736648984613
4.5696e-05,nan,0.017435242165365177,-2576.12015564534
4.5792e-05,nan,0.017191123649338842,-2581.432703591513
4.5888e-05,nan,0.016942750406479263,-2587.4296558109304
4.5984e-05,nan,0.016693043281449375,-2593.218264957776
4.608e-05,nan,0.016442441939280083,-2599.179375599147
4.6176e-05,nan,0.016193816608569833,-2605.0828045851194
4.6272e-05,nan,0.015948328481386567,-2610.9040894851505
4.6368e-05,nan,0.0156982313149185,-2616.9128413941517
4.6464e-05,nan,0.015447919774530248,-2624.0748139360867
4.656e-05,nan,0.015197470280554442,-2630.197540256258
4.6656e-05,nan,0.014946678383789361,-2636.5345957803133
4.6752e-05,nan,0.014692828681245594,-2642.3253102438216
4.6848e-05,nan,0.014438297150538869,-2648.7701627963443
4.6944e-05,nan,0.014184544710236686,-2653.742993725976
4.704e-05,nan,0.013926785661064398,-2659.7196477936022
4.7136e-05,nan,0.013668152244189762,-2664.7132232316935
4.7232e-05,nan,0.013410057739531205,-2672.0558181298684
4.7328e-05,nan,0.013153673263875192,-2676.242900227254
4.7424e-05,nan,0.012897096248679681,-2681.829931028302
4.752e-05,nan,0.012639818548356078,-2688.397481897524
4.7616e-05,nan,0.01238232349669666,-2692.3726758835714
4.7712e-05,nan,0.012122142816203387,-2697.6029726380607
4.7808e-05,nan,0.011862914908688843,-2702.9613990129515
4.7904e-05,nan,0.011603831902064854,-2708.3572112495126
4.8e-05,nan,0.011342202212666382,-2712.4908074317896
4.8096e-05,nan,0.011081069751666164,-2718.0319360993667
4.8192e-05,nan,0.010821471652150534,-2722.085845050046
4.8288e-05,nan,0.010560246891268,-2726.325669403659
4.8384e-05,nan,0.010296684859171974,-2732.0828209234746
4.848e-05,nan,0.010032407254869983,-2735.000846471488
4.8576e-05,nan,0.009768154462364356,-2741.3047534505504
4.8672e-05,nan,0.009504103141644822,-2744.892004414639
4.8768e-05,nan,0.009239094085587303,-2748.8829794949615
4.8864e-05,nan,0.00897588140358345,-2751.78825939745
4.896e-05,nan,0.008713005169537762,-2756.7113634140064
4.9056e-05,nan,0.008449270447339296,-2760.138032275922
4.9152e-05,nan,0.008185801707597442,-2763.9744536443704
4.9248e-05,nan,0.007922212878761352,-2767.303142159789
4.9344e-05,nan,0.007659751497950165,-2770.900152467662
4.944e-05,nan,0.007391679673754623,-2773.9100032569677
4.9536e-05,nan,0.007121396622270907,-2776.7558774490954
4.9632e-05,nan,0.006854383765542424,-2780.826802498973
4.9728e-05,nan,0.0065884626278520705,-2782.720354847192
4.9824e-05,nan,0.006321930127500382,-2785.8479585968125
4.992e-05,nan,0.00605726148928836,-2788.0237914207096
5.0016e-05,nan,0.00579511869194195,-2791.2835566455815
5.0112e-05,nan,0.005528582221702812,-2793.296892185057
5.0208e-05,nan,0.0052642182723496595,-2795.4536629170134
5.0304e-05,nan,0.004999533754587991,-2798.0456368630253
5.04e-05,nan,0.004728025000365971,-2799.3423940231323
5.0496e-05,nan,0.004455150604874355,-2802.269133361818
5.0592e-05,nan,0.004181370082581099,-2803.0108647121215
5.0688e-05,nan,0.0039081245026165055,-2805.948906623291
5.0784e-05,nan,0.0036367517170383308,-2807.1957077037478
5.088e-05,nan,0.0033668755790142563,-2809.811117826082
5.0976e-05,nan,0.0030949450242547635,-2810.161617958459
5.1072e-05,nan,0.0028215059122788967,-2811.066772257361
5.1168e-05,nan,0.0025488587928415873,-2812.201598564813
5.1264e-05,nan,0.002280481287315399,-2813.014953809341
5.136e-05,nan,0.002013164734199897,-2813.322133888195
5.1456e-05,nan,0.001744492464533403,-2813.694425509395
5.1552e-05,nan,0.001475003390531953,-2814.86466093839
5.1648e-05,nan,0.001203795355281357,-2815.3206846774387
5.1744e-05,nan,0.0009339162398417239,-2815.9676679042223
5.184e-05,nan,0.0006635756249905408,-2817.304363530144
5.1936e-05,nan,0.00039275068387511515,-2816.405571908122
5.2032e-05,nan,0.00012491407550874347,-2817.3451286835107
5.2128e-05,nan,-0.00014529851047345577,-2816.2452231301645
5.2224e-05,nan,-0.00041650356830849334,-2816.354407072519
5.232e-05,nan,-0.0006849783360763024,-2816.4929247710015
5.2416e-05,nan,-0.0009557347966338396,-2815.012760008889
5.2512e-05,nan,-0.0012271482735579835,-2815.629222194379
5.2608e-05,nan,-0.0014947982972160513,-2814.718933459606
5.2704e-05,nan,-0.0017638725179829626,-2815.0664865085696
5.28e-05,nan,-0.0020357921555521114,-2813.924693673722
5.2896e-05,nan,-0.0023047552194715,-2813.807818285495
5.2992e-05,nan,-0.0025760754040415118,-2811.331118726448
5.3088e-05,nan,-0.00284794938790539,-2811.1299162436185
5.3184e-05,nan,-0.0031166673112771547,-2810.008200771319
5.328e-05,nan,-0.0033873860579042843,-2809.490264762059
5.3376e-05,nan,-0.0036554300928879437,-2808.8641309775826
5.3472e-05,nan,-0.003922233538055468,-2807.8226292677223
5.3568e-05,nan,-0.004192743865593531,-2806.436282124717
5.3664e-05,nan,-0.004463595603448946,-2804.081586742827
5.376e-05,nan,-0.004733949120434253,-2802.780802630165
5.3856e-05,nan,-0.005003903663734664,-2800.579836444497
5.3952e-05,nan,-0.005271723400079538,-2798.6428452708037
5.4048e-05,nan,-0.005539802171578049,-2796.275182833607
5.4144e-05,nan,-0.005809043127616242,-2794.0788383290273
5.424e-05,nan,-0.006076566114877142,-2792.850457016323
5.4336e-05,nan,-0.006345586742163996,-2792.2163995787337
5.4432e-05,nan,-0.006612765341691947,-2789.2103372052097
5.4528e-05,nan,-0.00687847111299019,-2786.1048156068105
5.4624e-05,nan,-0.007147527469263786,-2784.470935176317
5.472e-05,nan,-0.007415326363699747,-2780.100013392748
5.4816e-05,nan,-0.007683010131400813,-2777.9007708897216
5.4912e-05,nan,-0.007951249683339452,-2774.1433915121297
5.5008e-05,nan,-0.00821796182109655,-2770.4634846477243
5.5104e-05,nan,-0.008483793636320108,-2767.5955920341507
5.52e-05,nan,-0.008751794002542241,-2766.352731216378
5.5296e-05,nan,-0.009016965823983635,-2763.355670565537
5.5392e-05,nan,-0.009280075288914787,-2761.2300402389674
5.5488e-05,nan,-0.009545514085284604,-2759.6173844932046
5.5584e-05,nan,-0.009809049320640603,-2756.396774981052
5.568e-05,nan,-0.010072891229799177,-2752.9493003010134
5.5776e-05,nan,-0.010335896485185738,-2751.1979845041756
5.5872e-05,nan,-0.010599194519768936,-2747.649075100222
5.5968e-05,nan,-0.010862615620861854,-2745.0570863232297
5.6064e-05,nan,-0.011124720704277892,-2740.4579269165483
5.616e-05,nan,-0.011387760696179304,-2736.8705372610702
5.6256e-05,nan,-0.011650747094600698,-2733.2680687799752
5.6352e-05,nan,-0.011912297386250941,-2730.0517995946557
5.6448e-05,nan,-0.012172562426851743,-2726.7311461818967
5.6544e-05,nan,-0.012431894543910804,-2723.0449903861618
5.664e-05,nan,-0.012690666906844878,-2719.0345224328644
5.6736e-05,nan,-0.012953943107047275,-2715.080682763003
5.6832e-05,nan,-0.013216852092664143,-2710.7216643617744
5.6928e-05,nan,-0.01347733448460069,-2707.6216019915196
5.7024e-05,nan,-0.013739166638257149,-2702.4351956937953
5.712e-05,nan,-0.01399609995084784,-2698.695586933793
5.7216e-05,nan,-0.014256674642666705,-2693.751735181953
5.7312e-05,nan,-0.014517061757305409,-2689.83109804434
5.7408e-05,nan,-0.014773193152638938,-2684.2014744042585
5.7504e-05,nan,-0.015028242753652868,-2680.0448141853717
5.76e-05,nan,-0.015284938865470686,-2675.191099487252
5.7696e-05,nan,-0.01554115263596804,-2670.0368032556007
5.7792e-05,nan,-0.01579857424471031,-2665.6724733775427
5.7888e-05,nan,-0.01605645933780791,-2660.4656243414793
5.7984e-05,nan,-0.01631097697390866,-2654.458663506102
5.808e-05,nan,-0.016565870756841686,-2649.3443294450117
5.8176e-05,nan,-0.016817723606017458,-2642.3627060962367
5.8272e-05,nan,-0.017069473238120567,-2637.644864590016
5.8368e-05,nan,-0.017323190941907898,-2631.474744847138
5.8464e-05,nan,-0.017578025176529715,-2625.940982150564
5.856e-05,nan,-0.017830828813740582,-2619.1705952807897
5.8656e-05,nan,-0.018082465304052425,-2612.9356063797104
5.8752e-05,nan,-0.018334342965024557,-2605.11480165029
5.8848e-05,nan,-0.01858533037874462,-2599.453333102211
5.8944e-05,nan,-0.018834306052018933,-2592.5600767699466
5.904e-05,nan,-0.01908370848818995,-2584.8632172145226
5.9136e-05,nan,-0.019329031865045677,-2579.0228542745913
5.9232e-05,nan,-0.01957531297723939,-2569.704360148768
5.9328e-05,nan,-0.01982709436844179,-2563.5314191686234
5.9424e-05,nan,-0.020073818123081892,-2555.588068217624
5.952e-05,nan,-0.020321197901616777,-2548.0851993169376
5.9616e-05,nan,-0.020566055809173468,-2541.5480129259768
5.9712e-05,nan,-0.02081157768039977,-2533.184253315733
5.9808e-05,nan,-0.02105812973740932,-2526.1182593102276
5.9904e-05,nan,-0.021300409203092233,-2517.048920075183
6e-05,nan,-0.021540027851737614,-2509.064076259894
6.0096e-05,nan,-0.021780093112716756,-2499.7560779384357
6.0192e-05,nan,-0.02202289263365061,-2490.550325763079
6.0288e-05,nan,-0.02225965296335967,-2481.624495813365
6.0384e-05,nan,-0.02249662369710157,-2471.7439024307614
6.048e-05,nan,-0.022736607575388777,-2462.443543491609
6.0576e-05,nan,-0.022972633475926738,-2452.497041851339
6.0672e-05,nan,-0.023209258829463807,-2443.2677154908706
6.0768e-05,nan,-0.023446727784075853,-2434.7902520262573
6.0864e-05,nan,-0.023681981541512243,-2423.766668098518
6.096e-05,nan,-0.023917769248805513,-2414.836111347709
6.1056e-05,nan,-0.02415006941000774,-2403.7841211275954
6.1152e-05,nan,-0.024380243696501134,-2393.742262983324
6.1248e-05,nan,-0.02460953468304543,-2381.4838896422416
6.1344e-05,nan,-0.02483727939844298,-2370.406518401597
6.144e-05,nan,-0.025065982841650375,-2359.095905043696
6.1536e-05,nan,-0.025294486798015343,-2349.547640677343
6.1632e-05,nan,-0.025519344412792872,-2337.2565995880823
6.1728e-05,nan,-0.02574183101231384,-2327.2734289996138
6.1824e-05,nan,-0.025966175519143424,-2315.052183994806
6.192e-05,nan,-0.026188029914094114,-2302.6519737941726
6.2016e-05,nan,-0.026409514117043707,-2291.736624750131
6.2112e-05,nan,-0.026630562624849852,-2280.5251959647144
6.2208e-05,nan,-0.0268481176317339,-2268.0574138302977
6.2304e-05,nan,-0.027065741119175774,-2255.96657106098
6.24e-05,nan,-0.027281863989176116,-2244.7747184874843
6.2496e-05,nan,-0.027496300649498394,-2231.643211431255
6.2592e-05,nan,-0.027709546343597246,-2221.1848246356863
6.2688e-05,nan,-0.02792167649933343,-2208.863702159937
6.2784e-05,nan,-0.02813400812685578,-2196.8786706810865
6.288e-05,nan,-0.02834620974056538,-2183.459512720754
6.2976e-05,nan,-0.0285570248710965,-2171.0251949257263
6.3072e-05,nan,-0.028763117820551666,-2157.5388402740396
6.3168e-05,nan,-0.02896806049512931,-2145.4008401366214
6.3264e-05,nan,-0.029174016483468772,-2133.5313905238536
6.336e-05,nan,-0.029379611212053756,-2121.10598782369
6.3456e-05,nan,-0.029585339924338913,-2108.427736077465
6.3552e-05,nan,-0.029790566445866484,-2095.728761293572
6.3648e-05,nan,-0.02999232626321198,-2082.9741003348104
6.3744e-05,nan,-0.030190228342465313,-2070.3783970824793
6.384e-05,nan,-0.030390926214928227,-2058.126864981137
6.3936e-05,nan,-0.03058783582232868,-2044.9078870347262
6.4032e-05,nan,-0.030786176574141007,-2032.947381281815
6.4128e-05,nan,-0.030982120506428613,-2020.8574247101353
6.4224e-05,nan,-0.03117499174585973,-2008.1207303364786
6.432e-05,nan,-0.03136898944084384,-1996.9910056098724
6.4416e-05,nan,-0.031556310777673645,-1983.639074375182
6.4512e-05,nan,-0.03174478040443724,-1972.5516675870053
6.4608e-05,nan,-0.03193132562827809,-1959.5376539799572
6.4704e-05,nan,-0.03211706198755888,-1948.5209546679216
6.48e-05,nan,-0.032306067549123005,-1934.9813802520698
6.4896e-05,nan,-0.032491268966075085,-1923.8714944753426
6.4992e-05,nan,-0.03267628876067806,-1911.3878294775793
6.5088e-05,nan,-0.03286051457779876,-1899.822392257176
6.5184e-05,nan,-0.033043157402314095,-1886.6420507529938
6.528e-05,nan,-0.033225452861680944,-1876.4741297692522
6.5376e-05,nan,-0.03340526614894372,-1862.437925382077
6.5472e-05,nan,-0.03358321061170755,-1850.8328890088376
6.5568e-05,nan,-0.0337544082508155,-1838.9707875574884
6.5664e-05,nan,-0.033927746651710125,-1828.5100851431935
6.576e-05,nan,-0.03410147410157106,-1817.3544897875313
6.5856e-05,nan,-0.03427339624513163,-1804.7810206574352
6.5952e-05,nan,-0.03444562506249471,-1792.4238382345127
6.6048e-05,nan,-0.03461871633789795,-1781.0807793449233
6.6144e-05,nan,-0.034792623425164274,-1768.6277750106558
6.624e-05,nan,-0.03496125254711697,-1757.5660601351162
6.6336e-05,nan,-0.035127819312559413,-1745.7951989390554
6.6432e-05,nan,-0.03529584501162556,-1734.352170676089
6.6528e-05,nan,-0.035461532447006346,-1723.6566862667717
6.6624e-05,nan,-0.03562705513205954,-1712.6883365723431
6.672e-05,nan,-0.03579420249353591,-1700.0806787428694
6.6816e-05,nan,-0.035959730140948366,-1689.606123882333
6.6912e-05,nan,-0.03612021305393267,-1677.8632308131457
6.7008e-05,nan,-0.03628003895055033,-1666.0747113798573
6.7104e-05,nan,-0.03644013678445572,-1654.2824217747564
6.72e-05,nan,-0.0365963838275719,-1643.1123245124177
6.7296e-05,nan,-0.03675420195363123,-1631.1645949978076
6.7392e-05,nan,-0.03690981083734602,-1619.4333018653708
6.7488e-05,nan,-0.03706223785630049,-1608.1185638193688
6.7584e-05,nan,-0.037215048961862035,-1596.9798133550587
6.768e-05,nan,-0.0373708394679259,-1584.656949449137
6.7776e-05,nan,-0.03752421132008433,-1574.166261584322
6.7872e-05,nan,-0.037676758428133,-1560.94484837847
6.7968e-05,nan,-0.037829657863689456,-1549.5061458595762
6.8064e-05,nan,-0.03797798101153227,-1536.501559791903
6.816e-05,nan,-0.038124517710039926,-1525.186859785196
6.8256e-05,nan,-0.03827179876243722,-1513.2936215276118
6.8352e-05,nan,-0.038419754695694495,-1502.402362464128
6.8448e-05,nan,-0.03856678663765671,-1489.5342776400546
6.8544e-05,nan,-0.03871107836483316,-1478.0901859523342
6.864e-05,nan,-0.038853699761881196,-1466.915885503192
6.8736e-05,nan,-0.03899355513987527,-1453.8244408352405
6.8832e-05,nan,-0.03913263638982409,-1443.882280390566
6.8928e-05,nan,-0.03927338896237315,-1430.3728927914788
6.9024e-05,nan,-0.0394115432436114,-1419.2921542356187
6.912e-05,nan,-0.03954699403152239,-1405.5265934030033
6.9216e-05,nan,-0.03968155060229396,-1392.5784905357905
6.9312e-05,nan,-0.039816393997430984,-1380.4602201326607
6.9408e-05,nan,-0.03995126716672362,-1366.9887254410314
6.9504e-05,nan,-0.040081555116055934,-1355.073722936468
6.96e-05,nan,-0.04021034939524969,-1343.3964321971844
6.9696e-05,nan,-0.04033942553644964,-1329.1370623822925
6.9792e-05,nan,-0.04046775533881625,-1318.3632028177612
6.9888e-05,nan,-0.04059117836034222,-1303.9027430865635
6.9984e-05,nan,-0.04071649998052275,-1293.2014309705942
7.008e-05,nan,-0.040840227690907546,-1278.694107884629
7.0176e-05,nan,-0.040962633428784326,-1267.1426134615426
7.0272e-05,nan,-0.04109039355230737,-1253.6489345393472
7.0368e-05,nan,-0.0412124816991912,-1239.1883559120868
7.0464e-05,nan,-0.04132871723955864,-1226.0131270006596
7.056e-05,nan,-0.04144301348992554,-1211.5110633279528
7.0656e-05,nan,-0.04156052038673651,-1199.5832398439318
7.0752e-05,nan,-0.04167988916074347,-1185.1838179135714
7.0848e-05,nan,-0.041794514911765536,-1173.1674864876968
7.0944e-05,nan,-0.04190777700646174,-1158.818399540619
7.104e-05,nan,-0.042021109566659505,-1145.4563757304843
7.1136e-05,nan,-0.04213223486945646,-1131.1040076616305
7.1232e-05,nan,-0.04224091571407979,-1118.8004002638106
7.1328e-05,nan,-0.04234326359580989,-1103.6431871409015
7.1424e-05,nan,-0.042445310758568576,-1090.3579311551775
7.152e-05,nan,-0.042550704536415164,-1075.9653595865393
7.1616e-05,nan,-0.042654027025504804,-1062.5702443213793
7.1712e-05,nan,-0.04275394930602647,-1045.8720954690664
7.1808e-05,nan,-0.04285427453012042,-1034.0627338538281
7.1904e-05,nan,-0.04295460570904547,-1019.4616520383013
7.2e-05,nan,-0.043051216110994085,-1005.2321613748924
7.2096e-05,nan,-0.04314620679887882,-990.8777671086266
7.2192e-05,nan,-0.043241393996190404,-976.5510046348608
7.2288e-05,nan,-0.043332986460450876,-960.6131190947987
7.2384e-05,nan,-0.043422333953380125,-945.348999795132
7.248e-05,nan,-0.043514500066371566,-931.7849823717381
7.2576e-05,nan,-0.04360305854417778,-916.746076850591
7.2672e-05,nan,-0.043689258908861564,-902.547588956103
7.2768e-05,nan,-0.04377672269021406,-888.4919266945819
7.2864e-05,nan,-0.04386418051673544,-873.3721709819649
7.296e-05,nan,-0.04395078084757593,-857.8192339709567
7.3056e-05,nan,-0.044033870805472795,-844.5239919570439
7.3152e-05,nan,-0.04411496490247351,-829.1162421799754
7.3248e-05,nan,-0.04419549031310255,-814.9688375196699
7.3344e-05,nan,-0.044273425372195564,-800.5882344283443
7.344e-05,nan,-0.04434813787518228,-786.2974341041564
7.3536e-05,nan,-0.044423814068338154,-770.6174016078631
7.3632e-05,nan,-0.04449649101155461,-756.6165540925014
7.3728e-05,nan,-0.04456758992452501,-740.610363633117
7.3824e-05,nan,-0.04463863325907163,-725.5780287328521
7.392e-05,nan,-0.044711219887349496,-709.3121510903827
7.4016e-05,nan,-0.04478268402996174,-694.8233756661066
7.4112e-05,nan,-0.0448492701734171,-679.2536271489652
7.4208e-05,nan,-0.04491475070322835,-664.5751019237263
7.4304e-05,nan,-0.0449778493005927,-647.6473828939924
7.44e-05,nan,-0.04503764197421509,-631.4521061183549
7.4496e-05,nan,-0.0451005053557503,-614.6915281454648
7.4592e-05,nan,-0.04515969460648616,-598.8584347778954
7.4688e-05,nan,-0.04521810873670492,-581.248512727543
7.4784e-05,nan,-0.045274054589425565,-566.4355815225687
7.488e-05,nan,-0.04532913996904977,-549.4912749407154
7.4976e-05,nan,-0.04538384920184173,-534.2531568944332
7.5072e-05,nan,-0.04543255100250823,-518.6969352866084
7.5168e-05,nan,-0.04548249736287823,-502.460494224266
7.5264e-05,nan,-0.04553232661156959,-485.9492808236797
7.536e-05,nan,-0.04558178666073169,-468.7129671870381
7.5456e-05,nan,-0.045624378804671864,-453.2312450702842
7.5552e-05,nan,-0.04566564897610402,-437.7163436916525
7.5648e-05,nan,-0.04570702335708071,-420.7588588836644
7.5744e-05,nan,-0.04574836200907071,-405.11826388872214
7.584e-05,nan,-0.04578798864711448,-389.8329749464992
7.5936e-05,nan,-0.04582447609668761,-372.93359785881813
7.6032e-05,nan,-0.04585787001149532,-356.8468524623836
7.6128e-05,nan,-0.04589035482208579,-338.94352936916624
7.6224e-05,nan,-0.04592486626019982,-322.1295235019483
7.632e-05,nan,-0.04595797732052946,-305.43449393376375
7.6416e-05,nan,-0.045989350562644714,-287.74097293411415
7.6512e-05,nan,-0.04602251819386995,-271.1713166578786
7.6608e-05,nan,-0.04604916131513439,-254.24719063489437
7.6704e-05,nan,-0.0460681107945953,-237.2799484068039
7.68e-05,nan,-0.04608952656661063,-219.35038440644726
7.6896e-05,nan,-0.04611056519932185,-202.02504262665082
7.6992e-05,nan,-0.04612861946917148,-185.09530348082666
7.7088e-05,nan,-0.04614735854459958,-166.50379694467537
7.7184e-05,nan,-0.04616856788246951,-148.82279192753722
7.728e-05,nan,-0.04618455086356218,-132.23799843257476
7.7376e-05,nan,-0.04619662946038562,-113.68439795939528
7.7472e-05,nan,-0.04620909015887242,-95.81549453170896
7.7568e-05,nan,-0.04621803849947189,-78.5521377497754
7.7664e-05,nan,-0.046224406413253864,-61.825202274206106
7.776e-05,nan,-0.04623276125568531,-44.63209748975915
7.7856e-05,nan,-0.04623503423060232,-28.061143781957313
7.7952e-05,nan,-0.046236543002192626,-9.65792752933784
7.8048e-05,nan,-0.04623917525192038,7.487950944666947
7.8144e-05,nan,-0.04623492470934842,26.794812707633994
7.824e-05,nan,-0.04622821283658132,43.97779240017705
7.8336e-05,nan,-0.046221598226055816,61.17240386333218
7.8432e-05,nan,-0.046211961538738286,79.6537144754016
7.8528e-05,nan,-0.0462039922041336,96.96656143320705
7.8624e-05,nan,-0.04619600897492297,116.54902687604259
7.872e-05,nan,-0.04618533118463177,131.84370717997837
7.8816e-05,nan,-0.04617099514309087,150.56696917001375
7.8912e-05,nan,-0.04615362710003943,168.35074283056724
7.9008e-05,nan,-0.04613595536060101,186.4730242552747
7.9104e-05,nan,-0.046117102579657655,204.46692014759407
7.92e-05,nan,-0.04610072700845909,223.4966143379085
7.9296e-05,nan,-0.046083533640453755,240.4745913415233
7.9392e-05,nan,-0.046063981166854125,259.81440332390076
7.9488e-05,nan,-0.0460415326603878,275.93265915558635
7.9584e-05,nan,-0.04601690468573256,294.9276891243243
7.968e-05,nan,-0.04598771630291333,311.5131191724245
7.9776e-05,nan,-0.045957612861045764,330.76890849865873
7.9872e-05,nan,-0.04592795702398383,348.7890248201946
7.9968e-05,nan,-0.04589553417539609,366.4102417482964
8.0064e-05,nan,-0.04585943620353712,383.9582744264818
8.016e-05,nan,-0.045823457328300524,400.4118571803152
8.0256e-05,nan,-0.04578658522839631,418.99922940994844
8.0352e-05,nan,-0.04574556955850635,436.8940964861061
8.0448e-05,nan,-0.04570396634527948,455.15289739837914
8.0544e-05,nan,-0.045660735478213886,472.1538429370169
8.064e-05,nan,-0.04561142671352127,490.5130467340942
8.0736e-05,nan,-0.045563095533603735,507.41868299206266
8.0832e-05,nan,-0.045514147036193726,526.2971575246079
8.0928e-05,nan,-0.04546097457857785,543.7562056838199
8.1024e-05,nan,-0.04540853059530199,561.8664557081421
8.112e-05,nan,-0.045354703106263224,579.1258366082179
8.1216e-05,nan,-0.04530107113417948,597.522504083073
8.1312e-05,nan,-0.04524291746033401,614.072646077593
8.1408e-05,nan,-0.045181777438683235,631.9592485121899
8.1504e-05,nan,-0.045121207095876005,650.8644132871517
8.16e-05,nan,-0.04505953213189654,667.7405177116244
8.1696e-05,nan,-0.04499672178011736,685.5842323009857
8.1792e-05,nan,-0.04493025615450406,703.2015591683435
8.1888e-05,nan,-0.044863546380814925,720.4526975181944
8.1984e-05,nan,-0.044796280822888196,736.4905326363079
8.208e-05,nan,-0.0447248101617208,753.968057901456
8.2176e-05,nan,-0.044651919273331966,772.222855193593
8.2272e-05,nan,-0.04458018461465171,788.603172034035
8.2368e-05,nan,-0.04450515197200436,807.3128780112812
8.2464e-05,nan,-0.04442604523240094,824.7057505828506
8.256e-05,nan,-0.044345450777490046,840.7898797694695
8.2656e-05,nan,-0.044260253238125526,858.7929770131965
8.2752e-05,nan,-0.04417622383813182,875.1387176250768
8.2848e-05,nan,-0.04409306285100939,892.2505648314925
8.2944e-05,nan,-0.044010017983093744,910.556536329436
8.304e-05,nan,-0.04392355305717309,928.1092158827598
8.3136e-05,nan,-0.043830702567351006,945.7525681426305
8.3232e-05,nan,-0.04373834732098352,963.6190715577247
8.3328e-05,nan,-0.043644170888765994,980.4680895850497
8.3424e-05,nan,-0.04355315349445618,997.6688359857587
8.352e-05,nan,-0.04345723328919315,1015.4936562780415
8.3616e-05,nan,-0.04335736503089938,1033.0530515352307
8.3712e-05,nan,-0.043260492052657584,1051.5339309939372
8.3808e-05,nan,-0.04316053149448149,1068.9025659577387
8.3904e-05,nan,-0.043058709059109405,1086.5548316990607
8.4e-05,nan,-0.042956250449279615,1102.5789556065488
8.4096e-05,nan,-0.04285365785574969,1119.1054089878037
8.4192e-05,nan,-0.0427485959922498,1136.1298785096153
8.4288e-05,nan,-0.0426400316955811,1152.7813445852084
8.4384e-05,nan,-0.04252772776497076,1169.6118094280107
8.448e-05,nan,-0.042415894266018696,1186.857864350634
8.4576e-05,nan,-0.04230468205444651,1203.6766250054404
8.4672e-05,nan,-0.0421921925315997,1219.6804671434754
8.4768e-05,nan,-0.04207568548269241,1237.0463838801707
8.4864e-05,nan,-0.04195762620780724,1253.560071820579
8.496e-05,nan,-0.04183557322618607,1269.4863291271238
8.5056e-05,nan,-0.041709672431191294,1286.098464496839
8.5152e-05,nan,-0.041586632932548384,1301.8139622738288
8.5248e-05,nan,-0.04146258309755925,1317.2889814699063
8.5344e-05,nan,-0.04133571861239534,1333.6985149699897
8.544e-05,nan,-0.04120758674067532,1350.1663207584193
8.5536e-05,nan,-0.04107599114218871,1365.6225883823352
8.5632e-05,nan,-0.0409427093340241,1382.098008483129
8.5728e-05,nan,-0.04081011828626909,1397.9351168888277
8.5824e-05,nan,-0.04067733966133389,1413.6823627690853
8.592e-05,nan,-0.040543044539407457,1428.3413433680491
8.6016e-05,nan,-0.04040854099839195,1444.1672350223778
8.6112e-05,nan,-0.04027452674599992,1458.754671466906
8.6208e-05,nan,-0.04013306994718315,1475.2039042134315
8.6304e-05,nan,-0.03999140373680539,1489.0119620111684
8.64e-05,nan,-0.0398489385865861,1503.8259635289255
8.6496e-05,nan,-0.03970288068825939,1519.3493096307323
8.6592e-05,nan,-0.039556348388387015,1534.1616861942618
8.6688e-05,nan,-0.039408891104747705,1548.83024164954
8.6784e-05,nan,-0.03925948559886124,1564.2326940981643
8.688e-05,nan,-0.039106116160394375,1577.714265789605
8.6976e-05,nan,-0.03895633153026011,1593.430254912642
8.7072e-05,nan,-0.03880402403667583,1606.43711558114
8.7168e-05,nan,-0.03865023379014331,1620.847740300651
8.7264e-05,nan,-0.038497684133426927,1634.8525609054266
8.736e-05,nan,-0.03833937417007644,1649.2629385867192
8.7456e-05,nan,-0.038177228303014586,1663.4754745846956
8.7552e-05,nan,-0.03801525314111138,1676.044385577318
8.7648e-05,nan,-0.03785193714973498,1689.180224583052
8.7744e-05,nan,-0.0376883531909583,1700.325910485546
8.784e-05,nan,-0.03752385814302067,1713.5701636498868
8.7936e-05,nan,-0.037357543894176684,1726.6183501945202
8.8032e-05,nan,-0.03718940349712344,1739.4300242975703
8.8128e-05,nan,-0.03702071426313556,1752.1353183823805
8.8224e-05,nan,-0.03685050654721277,1763.1106861713383
8.832e-05,nan,-0.03668152155661273,1777.1670376080547
8.8416e-05,nan,-0.036510795770382694,1788.5689077897464
8.8512e-05,nan,-0.036339783159787226,1800.3590164960335
8.8608e-05,nan,-0.036168623663357526,1811.9787139452603
8.8704e-05,nan,-0.035994476826650676,1823.534355830378
8.88e-05,nan,-0.03581953799740517,1834.235999316378
8.8896e-05,nan,-0.035641412341040124,1844.0130473837917
8.8992e-05,nan,-0.0354654681378077,1855.207414708304
8.9088e-05,nan,-0.0352884768767705,1865.7713767397345
8.9184e-05,nan,-0.03511006737345548,1876.3937308863863
8.928e-05,nan,-0.03493020687629161,1886.0698064104092
8.9376e-05,nan,-0.034750568692822774,1896.3623202290105
8.9472e-05,nan,-0.0345687599734117,1904.8701824258658
8.9568e-05,nan,-0.03438738794161584,1916.0007897509586
8.9664e-05,nan,-0.03420539164502457,1924.410645538504
8.976e-05,nan,-0.0340202591373782,1935.4393398870973
8.9856e-05,nan,-0.0338360436737239,1945.5497112670175
8.9952e-05,nan,-0.03364842502408608,1954.5541751384292
9.0048e-05,nan,-0.03345773070417613,1963.7489098808667
9.0144e-05,nan,-0.0332689012388778,1972.3004852453153
9.024e-05,nan,-0.033078354797273994,1980.7577977509643
9.0336e-05,nan,-0.032886817868761006,1990.4502111205531
9.0432e-05,nan,-0.032696061023124334,1999.000939443634
9.0528e-05,nan,-0.03250366957634602,2007.9955945139725
9.0624e-05,nan,-0.03231106177070378,2014.9114210546306
9.072e-05,nan,-0.03211473815044437,2023.9700799357822
9.0816e-05,nan,-0.03192043619534921,2031.6645379893082
9.0912e-05,nan,-0.031722966270099726,2039.1329521637774
9.1008e-05,nan,-0.03152584767988615,2047.767523868093
9.1104e-05,nan,-0.03132829934936029,2054.868067542913
9.12e-05,nan,-0.031125893861586377,2063.98008692741
9.1296e-05,nan,-0.03092954046717138,2070.9104339289793
9.1392e-05,nan,-0.030731475058810166,2078.9437927986764
9.1488e-05,nan,-0.03053230899916411,2085.54753448762
9.1584e-05,nan,-0.03033669698122321,2094.235246774797
9.168e-05,nan,-0.030135211514856923,2101.9482834551145
9.1776e-05,nan,-0.029935192921889238,2108.44046967204
9.1872e-05,nan,-0.029737108656562823,2115.68474913043
9.1968e-05,nan,-0.029533831778502145,2121.9864966194177
9.2064e-05,nan,-0.029331631732401782,2129.0473740606913
9.216e-05,nan,-0.02912995174155239,2136.5768205131612
9.2256e-05,nan,-0.02892620145441789,2144.5667960339356
9.2352e-05,nan,-0.028719411225998026,2151.835709440989
9.2448e-05,nan,-0.028511884583463265,2159.3739543262172
9.2544e-05,nan,-0.02830189958814899,2165.792174719161
9.264e-05,nan,-0.028090722634139403,2173.1957014914587
9.2736e-05,nan,-0.027880890479490467,2180.7319054103464
9.2832e-05,nan,-0.027671866196929774,2188.1899265423904
9.2928e-05,nan,-0.027461774014655323,2195.466490749743
9.3024e-05,nan,-0.02725103275578916,2202.041529464641
9.312e-05,nan,-0.027041973736713614,2208.2318961645037
9.3216e-05,nan,-0.02683244031609239,2216.412158566315
9.3312e-05,nan,-0.026620810794917838,2221.9333741291116
9.3408e-05,nan,-0.02640905721476173,2229.840598610715
9.3504e-05,nan,-0.026196909623280026,2235.417595415591
9.36e-05,nan,-0.025983417232437682,2243.5090095076457
9.3696e-05,nan,-0.025766264605401858,2250.3794034798193
9.3792e-05,nan,-0.025550355545597748,2256.9536628546057
9.3888e-05,nan,-0.02533564241437636,2264.0899669404357
9.3984e-05,nan,-0.025117271031905267,2271.0289261497705
9.408e-05,nan,-0.0248982763771105,2277.75739427651
9.4176e-05,nan,-0.024680912353570075,2283.4053763126262
9.4272e-05,nan,-0.024460719785248945,2290.632254004262
9.4368e-05,nan,-0.024241215992393716,2296.676424963497
9.4464e-05,nan,-0.024021842213351213,2303.738725992753
9.456e-05,nan,-0.023799950533217897,2310.204318523775
9.4656e-05,nan,-0.023581292326381318,2316.2058815647774
9.4752e-05,nan,-0.023360879429308853,2323.1566520057986
9.4848e-05,nan,-0.02313848456594619,2330.362624840629
9.4944e-05,nan,-0.022913562869246035,2335.637324868719
9.504e-05,nan,-0.022686511327949667,2343.5245649451367
9.5136e-05,nan,-0.022461073545886077,2349.6095644772445
9.5232e-05,nan,-0.022235692334718105,2356.2106810205496
9.5328e-05,nan,-0.022010354792311594,2362.16694379286
9.5424e-05,nan,-0.021781209135405658,2369.9127774184385
9.552e-05,nan,-0.021552285792194762,2377.5322527639614
9.5616e-05,nan,-0.02132749807919481,2382.8004892148597
9.5712e-05,nan,-0.021100249035999722,2390.6744981948664
9.5808e-05,nan,-0.020870275657568417,2396.190324837054
9.5904e-05,nan,-0.020640287392059385,2403.779511038252
9.6e-05,nan,-0.02041263937517944,2410.024839180666
9.6096e-05,nan,-0.020182405969122748,2415.5710064722616
9.6192e-05,nan,-0.0199495038062536,2422.0357280089515
9.6288e-05,nan,-0.019715816598148892,2427.9221731639645
9.6384e-05,nan,-0.019483515873222654,2432.3756191161374
9.648e-05,nan,-0.0192520200429691,2439.7871690766665
9.6576e-05,nan,-0.019018383450928822,2443.427605675048
9.6672e-05,nan,-0.018781994734440578,2449.1678935631094
9.6768e-05,nan,-0.018544561937563108,2454.1035919367723
9.6864e-05,nan,-0.01830902873181205,2459.7267904733317
9.696e-05,nan,-0.018072910960139577,2464.345000057526
9.7056e-05,nan,-0.01783682693251017,2469.937908456895
9.7152e-05,nan,-0.01760095727880098,2475.128877608219
9.7248e-05,nan,-0.017363184064077976,2480.3637736421906
9.7344e-05,nan,-0.01712316587802376,2485.8558046274247
9.744e-05,nan,-0.016882497622905838,2491.513336015534
9.7536e-05,nan,-0.016644386967752854,2495.6953058304357
9.7632e-05,nan,-0.01640547638028645,2500.6509245071816
9.7728e-05,nan,-0.016165993136560933,2504.7529647063398
9.7824e-05,nan,-0.015922799040577442,2509.192395692027
9.792e-05,nan,-0.015677843307055156,2513.226896473864
9.8016e-05,nan,-0.015437010301609728,2516.6504958192113
9.8112e-05,nan,-0.015194651866926425,2521.6587665252155
9.8208e-05,nan,-0.014952215026966677,2525.0097308633667
9.8304e-05,nan,-0.01470779324330124,2529.2826544287936
9.84e-05,nan,-0.01446386968050595,2533.0693711616673
9.8496e-05,nan,-0.014221644237050935,2538.7986503664656
9.8592e-05,nan,-0.013977570811005788,2540.834620774926
9.8688e-05,nan,-0.013734259603343726,2545.2576158071797
9.8784e-05,nan,-0.013491742373163963,2549.332687078007
9.888e-05,nan,-0.013247452588254957,2552.8214373701862
9.8976e-05,nan,-0.013000064306221271,2555.7098777179926
9.9072e-05,nan,-0.012752794128338006,2560.0789310462114
9.9168e-05,nan,-0.012508101399856735,2562.999074197639
9.9264e-05,nan,-0.012263376912276172,2566.285859421544
9.936e-05,nan,-0.012017879289122216,2569.1856176071974
9.9456e-05,nan,-0.011770816537856204,2570.58410939971
9.9552e-05,nan,-0.011522679932045445,2572.911273268866
9.9648e-05,nan,-0.011275907975032395,2574.450102874903
9.9744e-05,nan,-0.01102620624110965,2578.6366459685287
9.984e-05,nan,-0.010777564467125706,2580.532572328582
