Bmax (T) =,1,Freq(Hz) =,1,Hc =,1,Br (T) =,1,Hmax =,1,µr =,1,W(J/m³) =,1.0,P(W/m³) =,1
temps (s),ChampH (A/m),ChampB (T),dB/dt (T/s)
0.0,0.0,0.0,0.0
4e-09,0.0,0.0,0.0
8e-09,0.0,0.0,0.0
1.2000000000000002e-08,0.0,0.0,0.0
1.6e-08,0.0,0.0,0.0
2e-08,0.0,0.0,0.0
2.4000000000000003e-08,0.0,0.0,0.0
2.8000000000000003e-08,0.0,0.0,0.0
3.2e-08,0.0,0.0,0.0
3.6000000000000005e-08,0.0,0.0,0.0
4e-08,0.0,0.0,0.0
4.4000000000000004e-08,0.0,0.0,0.0
4.8000000000000006e-08,0.0,0.0,0.0
5.2e-08,0.0,0.0,0.0
5.6000000000000005e-08,0.0,0.0,0.0
6.000000000000001e-08,0.0,0.0,0.0
6.4e-08,0.0,0.0,0.0
6.8e-08,0.0,0.0,0.0
7.200000000000001e-08,0.0,0.0,0.0
7.6e-08,0.0,0.0,0.0
8e-08,0.0,0.0,0.0
8.400000000000001e-08,0.0,0.0,0.0
8.800000000000001e-08,0.0,0.0,0.0
9.2e-08,0.0,0.0,0.0
9.600000000000001e-08,0.0,0.0,0.0
1.0000000000000001e-07,0.0,0.0,0.0
1.04e-07,0.0,0.0,0.0
1.08e-07,0.0,0.0,0.0
1.1200000000000001e-07,0.0,0.0,0.0
1.16e-07,0.0,0.0,0.0
1.2000000000000002e-07,0.0,0.0,0.0
1.24e-07,0.0,0.0,0.0
1.28e-07,0.0,0.0,0.0
1.3200000000000002e-07,0.0,0.0,0.0
1.36e-07,0.0,0.0,0.0
1.4e-07,0.0,0.0,0.0
1.4400000000000002e-07,0.0,0.0,0.0
1.48e-07,0.0,0.0,0.0
1.52e-07,0.0,0.0,0.0
1.5600000000000002e-07,0.0,0.0,0.0
1.6e-07,0.0,0.0,0.0
1.64e-07,0.0,0.0,0.0
1.6800000000000002e-07,0.0,0.0,0.0
1.72e-07,0.0,0.0,0.0
1.7600000000000001e-07,0.0,0.0,0.0
1.8000000000000002e-07,0.0,0.0,0.0
1.84e-07,0.0,0.0,0.0
1.8800000000000002e-07,0.0,0.0,0.0
1.9200000000000003e-07,0.0,0.0,0.0
1.96e-07,0.0,0.0,0.0
2.0000000000000002e-07,0.0,0.0,0.0
2.04e-07,0.0,0.0,0.0
2.08e-07,0.0,0.0,0.0
2.1200000000000002e-07,0.0,0.0,0.0
2.16e-07,0.0,0.0,0.0
2.2e-07,0.0,0.0,0.0
2.2400000000000002e-07,0.0,0.0,0.0
2.28e-07,0.0,0.0,0.0
2.32e-07,0.0,0.0,0.0
2.3600000000000002e-07,0.0,0.0,0.0
2.4000000000000003e-07,0.0,0.0,0.0
2.44e-07,0.0,0.0,0.0
2.48e-07,0.0,0.0,0.0
2.5200000000000003e-07,0.0,0.0,0.0
2.56e-07,0.0,0.0,0.0
2.6e-07,0.0,0.0,0.0
2.6400000000000003e-07,0.0,0.0,0.0
2.68e-07,0.0,0.0,0.0
2.72e-07,0.0,0.0,0.0
2.7600000000000004e-07,0.0,0.0,0.0
2.8e-07,0.0,0.0,0.0
2.84e-07,0.0,0.0,0.0
2.8800000000000004e-07,0.0,0.0,0.0
2.92e-07,0.0,0.0,0.0
2.96e-07,0.0,0.0,0.0
3.0000000000000004e-07,0.0,0.0,0.0
3.04e-07,0.0,0.0,0.0
3.08e-07,0.0,0.0,0.0
3.1200000000000004e-07,0.0,0.0,0.0
3.16e-07,0.0,0.0,0.0
3.2e-07,0.0,0.0,0.0
3.2400000000000004e-07,0.0,0.0,0.0
3.28e-07,0.0,0.0,0.0
3.32e-07,0.0,0.0,0.0
3.3600000000000004e-07,0.0,0.0,0.0
3.4000000000000003e-07,0.0,0.0,0.0
3.44e-07,0.0,0.0,0.0
3.4800000000000005e-07,0.0,0.0,0.0
3.5200000000000003e-07,0.0,0.0,0.0
3.56e-07,0.0,0.0,0.0
3.6000000000000005e-07,0.0,0.0,0.0
3.6400000000000003e-07,0.0,0.0,0.0
3.68e-07,0.0,0.0,0.0
3.7200000000000005e-07,0.0,0.0,0.0
3.7600000000000003e-07,0.0,0.0,0.0
3.8e-07,0.0,0.0,0.0
3.8400000000000005e-07,0.0,0.0,0.0
3.8800000000000003e-07,0.0,0.0,0.0
3.92e-07,0.0,0.0,0.0
3.96e-07,0.0,0.0,0.0
4.0000000000000003e-07,0.0,0.0,0.0
4.04e-07,0.0,0.0,0.0
4.08e-07,0.0,0.0,0.0
4.1200000000000004e-07,0.0,0.0,0.0
4.16e-07,0.0,0.0,0.0
4.2e-07,0.0,0.0,0.0
4.2400000000000004e-07,0.0,0.0,0.0
4.28e-07,0.0,0.0,0.0
4.32e-07,0.0,0.0,0.0
4.3600000000000004e-07,0.0,0.0,0.0
4.4e-07,0.0,0.0,0.0
4.44e-07,0.0,0.0,0.0
4.4800000000000004e-07,0.0,0.0,0.0
4.52e-07,0.0,0.0,0.0
4.56e-07,0.0,0.0,0.0
4.6000000000000004e-07,0.0,0.0,0.0
4.64e-07,0.0,0.0,0.0
4.68e-07,0.0,0.0,0.0
4.7200000000000004e-07,0.0,0.0,0.0
4.7600000000000003e-07,0.0,0.0,0.0
4.800000000000001e-07,0.0,0.0,0.0
4.84e-07,0.0,0.0,0.0
4.88e-07,0.0,0.0,0.0
4.92e-07,0.0,0.0,0.0
4.96e-07,0.0,0.0,0.0
5.000000000000001e-07,0.0,0.0,0.0
5.040000000000001e-07,0.0,0.0,0.0
5.08e-07,0.0,0.0,0.0
5.12e-07,0.0,0.0,0.0
5.16e-07,0.0,0.0,0.0
5.2e-07,0.0,0.0,0.0
5.24e-07,0.0,0.0,0.0
5.280000000000001e-07,0.0,0.0,0.0
5.32e-07,0.0,0.0,0.0
5.36e-07,0.0,0.0,0.0
5.4e-07,0.0,0.0,0.0
5.44e-07,0.0,0.0,0.0
5.48e-07,0.0,0.0,0.0
5.520000000000001e-07,0.0,0.0,0.0
5.560000000000001e-07,0.0,0.0,0.0
5.6e-07,0.0,0.0,0.0
5.64e-07,0.0,0.0,0.0
5.68e-07,0.0,0.0,0.0
5.72e-07,0.0,0.0,0.0
5.760000000000001e-07,0.0,0.0,0.0
5.800000000000001e-07,0.0,0.0,0.0
5.84e-07,0.0,0.0,0.0
5.88e-07,0.0,0.0,0.0
5.92e-07,0.0,0.0,0.0
5.96e-07,0.0,0.0,0.0
6.000000000000001e-07,0.0,0.0,0.0
6.040000000000001e-07,0.0,0.0,0.0
6.08e-07,0.0,0.0,0.0
6.12e-07,0.0,0.0,0.0
6.16e-07,0.0,0.0,0.0
6.2e-07,0.0,0.0,0.0
6.240000000000001e-07,0.0,0.0,0.0
6.280000000000001e-07,0.0,0.0,0.0
6.32e-07,0.0,0.0,0.0
6.36e-07,0.0,0.0,0.0
6.4e-07,0.0,0.0,0.0
6.44e-07,0.0,0.0,0.0
6.480000000000001e-07,0.0,0.0,0.0
6.520000000000001e-07,0.0,0.0,0.0
6.56e-07,0.0,0.0,0.0
6.6e-07,0.0,0.0,0.0
6.64e-07,0.0,0.0,0.0
6.68e-07,0.0,0.0,0.0
6.720000000000001e-07,0.0,0.0,0.0
6.760000000000001e-07,0.0,0.0,0.0
6.800000000000001e-07,0.0,0.0,0.0
6.84e-07,0.0,0.0,0.0
6.88e-07,0.0,0.0,0.0
6.92e-07,0.0,0.0,0.0
6.960000000000001e-07,0.0,0.0,0.0
7.000000000000001e-07,0.0,0.0,0.0
7.040000000000001e-07,0.0,0.0,0.0
7.08e-07,0.0,0.0,0.0
7.12e-07,0.0,0.0,0.0
7.16e-07,0.0,0.0,0.0
7.200000000000001e-07,0.0,0.0,0.0
7.240000000000001e-07,0.0,0.0,0.0
7.280000000000001e-07,0.0,0.0,0.0
7.32e-07,0.0,0.0,0.0
7.36e-07,0.0,0.0,0.0
7.4e-07,0.0,0.0,0.0
7.440000000000001e-07,0.0,0.0,0.0
7.480000000000001e-07,0.0,0.0,0.0
7.520000000000001e-07,0.0,0.0,0.0
7.56e-07,0.0,0.0,0.0
7.6e-07,0.0,0.0,0.0
7.64e-07,0.0,0.0,0.0
7.680000000000001e-07,0.0,0.0,0.0
7.720000000000001e-07,0.0,0.0,0.0
7.760000000000001e-07,0.0,0.0,0.0
7.8e-07,0.0,0.0,0.0
7.84e-07,0.0,0.0,0.0
7.88e-07,0.0,0.0,0.0
7.92e-07,0.0,0.0,0.0
7.960000000000001e-07,0.0,0.0,0.0
8.000000000000001e-07,0.0,0.0,0.0
8.04e-07,0.0,0.0,0.0
8.08e-07,0.0,0.0,0.0
8.12e-07,0.0,0.0,0.0
8.16e-07,0.0,0.0,0.0
8.200000000000001e-07,0.0,0.0,0.0
8.240000000000001e-07,0.0,0.0,0.0
8.280000000000001e-07,0.0,0.0,0.0
8.32e-07,0.0,0.0,0.0
8.36e-07,0.0,0.0,0.0
8.4e-07,0.0,0.0,0.0
8.440000000000001e-07,0.0,0.0,0.0
8.480000000000001e-07,0.0,0.0,0.0
8.520000000000001e-07,0.0,0.0,0.0
8.56e-07,0.0,0.0,0.0
8.6e-07,0.0,0.0,0.0
8.64e-07,0.0,0.0,0.0
8.680000000000001e-07,0.0,0.0,0.0
8.720000000000001e-07,0.0,0.0,0.0
8.760000000000001e-07,0.0,0.0,0.0
8.8e-07,0.0,0.0,0.0
8.84e-07,0.0,0.0,0.0
8.88e-07,0.0,0.0,0.0
8.920000000000001e-07,0.0,0.0,0.0
8.960000000000001e-07,0.0,0.0,0.0
9.000000000000001e-07,0.0,0.0,0.0
9.04e-07,0.0,0.0,0.0
9.08e-07,0.0,0.0,0.0
9.12e-07,0.0,0.0,0.0
9.160000000000001e-07,0.0,0.0,0.0
9.200000000000001e-07,0.0,0.0,0.0
9.240000000000001e-07,0.0,0.0,0.0
9.28e-07,0.0,0.0,0.0
9.32e-07,0.0,0.0,0.0
9.36e-07,0.0,0.0,0.0
9.400000000000001e-07,0.0,0.0,0.0
9.440000000000001e-07,0.0,0.0,0.0
9.480000000000001e-07,0.0,0.0,0.0
9.520000000000001e-07,0.0,0.0,0.0
9.56e-07,0.0,0.0,0.0
9.600000000000001e-07,0.0,0.0,0.0
9.64e-07,0.0,0.0,0.0
9.68e-07,0.0,0.0,0.0
9.72e-07,0.0,0.0,0.0
9.76e-07,0.0,0.0,0.0
9.800000000000001e-07,0.0,0.0,0.0
9.84e-07,0.0,0.0,0.0
9.880000000000001e-07,0.0,0.0,0.0
9.92e-07,0.0,0.0,0.0
9.96e-07,0.0,0.0,0.0
1.0000000000000002e-06,0.0,0.0,0.0
1.004e-06,0.0,0.0,0.0
1.0080000000000001e-06,0.0,0.0,0.0
1.012e-06,0.0,0.0,0.0
1.016e-06,0.0,0.0,0.0
1.02e-06,0.0,0.0,0.0
1.024e-06,0.0,0.0,0.0
1.0280000000000002e-06,0.0,0.0,0.0
1.032e-06,0.0,0.0,0.0
1.0360000000000001e-06,0.0,0.0,0.0
1.04e-06,0.0,0.0,0.0
1.044e-06,0.0,0.0,0.0
1.048e-06,0.0,0.0,0.0
1.052e-06,0.0,0.0,0.0
1.0560000000000001e-06,0.0,0.0,0.0
1.06e-06,0.0,0.0,0.0
1.064e-06,0.0,0.0,0.0
1.068e-06,0.0,0.0,0.0
1.072e-06,0.0,0.0,0.0
1.0760000000000002e-06,0.0,0.0,0.0
1.08e-06,0.0,0.0,0.0
1.0840000000000001e-06,0.0,0.0,0.0
1.088e-06,0.0,0.0,0.0
1.092e-06,0.0,0.0,0.0
1.096e-06,0.0,0.0,0.0
1.1e-06,0.0,0.0,0.0
1.1040000000000001e-06,0.0,0.0,0.0
1.108e-06,0.0,0.0,0.0
1.1120000000000001e-06,0.0,0.0,0.0
1.116e-06,0.0,0.0,0.0
1.12e-06,0.0,0.0,0.0
1.1240000000000002e-06,0.0,0.0,0.0
1.128e-06,0.0,0.0,0.0
1.1320000000000001e-06,0.0,0.0,0.0
1.136e-06,0.0,0.0,0.0
1.14e-06,0.0,0.0,0.0
1.144e-06,0.0,0.0,0.0
1.148e-06,0.0,0.0,0.0
1.1520000000000002e-06,0.0,0.0,0.0
1.156e-06,0.0,0.0,0.0
1.1600000000000001e-06,0.0,0.0,0.0
1.164e-06,0.0,0.0,0.0
1.168e-06,0.0,0.0,0.0
1.1720000000000002e-06,0.0,0.0,0.0
1.176e-06,0.0,0.0,0.0
1.1800000000000001e-06,0.0,0.0,0.0
1.184e-06,0.0,0.0,0.0
1.188e-06,0.0,0.0,0.0
1.192e-06,0.0,0.0,0.0
1.196e-06,0.0,0.0,0.0
1.2000000000000002e-06,0.0,0.0,0.0
1.204e-06,0.0,0.0,0.0
1.2080000000000001e-06,0.0,0.0,0.0
1.212e-06,0.0,0.0,0.0
1.216e-06,0.0,0.0,0.0
1.2200000000000002e-06,0.0,0.0,0.0
1.224e-06,0.0,0.0,0.0
1.2280000000000001e-06,0.0,0.0,0.0
1.232e-06,0.0,0.0,0.0
1.2360000000000001e-06,0.0,0.0,0.0
1.24e-06,0.0,0.0,0.0
1.244e-06,0.0,0.0,0.0
1.2480000000000002e-06,0.0,0.0,0.0
1.252e-06,0.0,0.0,0.0
1.2560000000000001e-06,0.0,0.0,0.0
1.26e-06,0.0,0.0,0.0
1.264e-06,0.0,0.0,0.0
1.2680000000000002e-06,0.0,0.0,0.0
1.272e-06,0.0,0.0,0.0
1.2760000000000001e-06,0.0,0.0,0.0
1.28e-06,0.0,0.0,0.0
1.2840000000000001e-06,0.0,0.0,0.0
1.288e-06,0.0,0.0,0.0
1.292e-06,0.0,0.0,0.0
1.2960000000000002e-06,0.0,0.0,0.0
1.3e-06,0.0,0.0,0.0
1.3040000000000001e-06,0.0,0.0,0.0
1.308e-06,0.0,0.0,0.0
1.312e-06,0.0,0.0,0.0
1.316e-06,0.0,0.0,0.0
1.32e-06,0.0,0.0,0.0
1.3240000000000002e-06,0.0,0.0,0.0
1.328e-06,0.0,0.0,0.0
1.3320000000000001e-06,0.0,0.0,0.0
1.336e-06,0.0,0.0,0.0
1.34e-06,0.0,0.0,0.0
1.3440000000000002e-06,0.0,0.0,0.0
1.348e-06,0.0,0.0,0.0
1.3520000000000001e-06,0.0,0.0,0.0
1.356e-06,0.0,0.0,0.0
1.3600000000000001e-06,0.0,0.0,0.0
1.364e-06,0.0,0.0,0.0
1.368e-06,0.0,0.0,0.0
1.3720000000000002e-06,0.0,0.0,0.0
1.376e-06,0.0,0.0,0.0
1.3800000000000001e-06,0.0,0.0,0.0
1.384e-06,0.0,0.0,0.0
1.388e-06,0.0,0.0,0.0
1.3920000000000002e-06,0.0,0.0,0.0
1.396e-06,0.0,0.0,0.0
1.4000000000000001e-06,0.0,0.0,0.0
1.404e-06,0.0,0.0,0.0
1.4080000000000001e-06,0.0,0.0,0.0
1.412e-06,0.0,0.0,0.0
1.416e-06,0.0,0.0,0.0
1.4200000000000002e-06,0.0,0.0,0.0
1.424e-06,0.0,0.0,0.0
1.4280000000000001e-06,0.0,0.0,0.0
1.432e-06,0.0,0.0,0.0
1.436e-06,0.0,0.0,0.0
1.4400000000000002e-06,0.0,0.0,0.0
1.444e-06,0.0,0.0,0.0
1.4480000000000002e-06,0.0,0.0,0.0
1.452e-06,0.0,0.0,0.0
1.4560000000000001e-06,0.0,0.0,0.0
1.46e-06,0.0,0.0,0.0
1.464e-06,0.0,0.0,0.0
1.4680000000000002e-06,0.0,0.0,0.0
1.472e-06,0.0,0.0,0.0
1.4760000000000001e-06,0.0,0.0,0.0
1.48e-06,0.0,0.0,0.0
1.4840000000000001e-06,0.0,0.0,0.0
1.4880000000000002e-06,0.0,0.0,0.0
1.492e-06,0.0,0.0,0.0
1.4960000000000002e-06,0.0,0.0,0.0
1.5e-06,0.0,0.0,0.0
1.5040000000000001e-06,0.0,0.0,0.0
1.508e-06,0.0,0.0,0.0
1.512e-06,0.0,0.0,0.0
1.5160000000000002e-06,0.0,0.0,0.0
1.52e-06,0.0,0.0,0.0
1.5240000000000001e-06,0.0,0.0,0.0
1.528e-06,0.0,0.0,0.0
1.5320000000000001e-06,0.0,0.0,0.0
1.5360000000000002e-06,0.0,0.0,0.0
1.54e-06,0.0,0.0,0.0
1.5440000000000002e-06,0.0,0.0,0.0
1.548e-06,0.0,0.0,0.0
1.5520000000000001e-06,0.0,0.0,0.0
1.556e-06,0.0,0.0,0.0
1.56e-06,0.0,0.0,0.0
1.5640000000000002e-06,0.0,0.0,0.0
1.568e-06,0.0,0.0,0.0
1.5720000000000002e-06,0.0,0.0,0.0
1.576e-06,0.0,0.0,0.0
1.5800000000000001e-06,0.0,0.0,0.0
1.584e-06,0.0,0.0,0.0
1.588e-06,0.0,0.0,0.0
1.5920000000000002e-06,0.0,0.0,0.0
1.596e-06,0.0,0.0,0.0
1.6000000000000001e-06,0.0,0.0,0.0
1.604e-06,0.0,0.0,0.0
1.608e-06,0.0,0.0,0.0
1.6120000000000002e-06,0.0,0.0,0.0
1.616e-06,0.0,0.0,0.0
1.6200000000000002e-06,0.0,0.0,0.0
1.624e-06,0.0,0.0,0.0
1.6280000000000001e-06,0.0,0.0,0.0
1.632e-06,0.0,0.0,0.0
1.636e-06,0.0,0.0,0.0
1.6400000000000002e-06,0.0,0.0,0.0
1.644e-06,0.0,0.0,0.0
1.6480000000000001e-06,0.0,0.0,0.0
1.652e-06,0.0,0.0,0.0
1.6560000000000001e-06,0.0,0.0,0.0
1.6600000000000002e-06,0.0,0.0,0.0
1.664e-06,0.0,0.0,0.0
1.6680000000000002e-06,0.0,0.0,0.0
1.672e-06,0.0,0.0,0.0
1.6760000000000001e-06,0.0,0.0,0.0
1.68e-06,0.0,0.0,0.0
1.684e-06,0.0,0.0,0.0
1.6880000000000002e-06,0.0,0.0,0.0
1.692e-06,0.0,0.0,0.0
1.6960000000000002e-06,0.0,0.0,0.0
1.7e-06,0.0,0.0,0.0
1.7040000000000001e-06,0.0,0.0,0.0
1.7080000000000002e-06,0.0,0.0,0.0
1.712e-06,0.0,0.0,0.0
1.7160000000000002e-06,0.0,0.0,0.0
1.72e-06,0.0,0.0,0.0
1.7240000000000001e-06,0.0,0.0,0.0
1.728e-06,0.0,0.0,0.0
1.732e-06,0.0,0.0,0.0
1.7360000000000002e-06,0.0,0.0,0.0
1.74e-06,0.0,0.0,0.0
1.7440000000000002e-06,0.0,0.0,0.0
1.748e-06,0.0,0.0,0.0
1.7520000000000001e-06,0.0,0.0,0.0
1.7560000000000002e-06,0.0,0.0,0.0
1.76e-06,0.0,0.0,0.0
1.7640000000000002e-06,0.0,0.0,0.0
1.768e-06,0.0,0.0,0.0
1.7720000000000001e-06,0.0,0.0,0.0
1.776e-06,0.0,0.0,0.0
1.7800000000000001e-06,0.0,0.0,0.0
1.7840000000000002e-06,0.0,0.0,0.0
1.788e-06,0.0,0.0,0.0
1.7920000000000002e-06,0.0,0.0,0.0
1.796e-06,0.0,0.0,0.0
1.8000000000000001e-06,0.0,0.0,0.0
1.804e-06,0.0,0.0,0.0
1.808e-06,0.0,0.0,0.0
1.8120000000000002e-06,0.0,0.0,0.0
1.816e-06,0.0,0.0,0.0
1.8200000000000002e-06,0.0,0.0,0.0
1.824e-06,0.0,0.0,0.0
1.8280000000000001e-06,0.0,0.0,0.0
1.8320000000000002e-06,0.0,0.0,0.0
1.836e-06,0.0,0.0,0.0
1.8400000000000002e-06,0.0,0.0,0.0
1.844e-06,0.0,0.0,0.0
1.8480000000000001e-06,0.0,0.0,0.0
1.852e-06,0.0,0.0,0.0
1.856e-06,0.0,0.0,0.0
1.8600000000000002e-06,0.0,0.0,0.0
1.864e-06,0.0,0.0,0.0
1.8680000000000002e-06,0.0,0.0,0.0
1.872e-06,0.0,0.0,0.0
1.8760000000000001e-06,0.0,0.0,0.0
1.8800000000000002e-06,0.0,0.0,0.0
1.884e-06,0.0,0.0,0.0
1.8880000000000002e-06,0.0,0.0,0.0
1.892e-06,0.0,0.0,0.0
1.8960000000000001e-06,0.0,0.0,0.0
1.9e-06,0.0,0.0,0.0
1.9040000000000001e-06,0.0,0.0,0.0
1.908e-06,0.0,0.0,0.0
1.912e-06,0.0,0.0,0.0
1.916e-06,0.0,0.0,0.0
1.9200000000000003e-06,0.0,0.0,0.0
1.924e-06,0.0,0.0,0.0
1.928e-06,0.0,0.0,0.0
1.9320000000000003e-06,0.0,0.0,0.0
1.936e-06,0.0,0.0,0.0
1.94e-06,0.0,0.0,0.0
1.944e-06,0.0,0.0,0.0
1.9480000000000002e-06,0.0,0.0,0.0
1.952e-06,0.0,0.0,0.0
1.956e-06,0.0,0.0,0.0
1.9600000000000003e-06,0.0,0.0,0.0
1.964e-06,0.0,0.0,0.0
1.968e-06,0.0,0.0,0.0
1.972e-06,0.0,0.0,0.0
1.9760000000000002e-06,0.0,0.0,0.0
1.98e-06,0.0,0.0,0.0
1.984e-06,0.0,0.0,0.0
1.9880000000000003e-06,0.0,0.0,0.0
1.992e-06,0.0,0.0,0.0
1.996e-06,0.0,0.0,0.0
2.0000000000000003e-06,0.0,0.0,0.0
2.004e-06,0.0,0.0,0.0
2.008e-06,0.0,0.0,0.0
2.012e-06,0.0,0.0,0.0
2.0160000000000003e-06,0.0,0.0,0.0
2.02e-06,0.0,0.0,0.0
2.024e-06,0.0,0.0,0.0
2.0280000000000003e-06,0.0,0.0,0.0
2.032e-06,0.0,0.0,0.0
2.036e-06,0.0,0.0,0.0
2.04e-06,0.0,0.0,0.0
2.0440000000000003e-06,0.0,0.0,0.0
2.048e-06,0.0,0.0,0.0
2.052e-06,0.0,0.0,0.0
2.0560000000000003e-06,0.0,0.0,0.0
2.06e-06,0.0,0.0,0.0
2.064e-06,0.0,0.0,0.0
2.068e-06,0.0,0.0,0.0
2.0720000000000002e-06,0.0,0.0,0.0
2.076e-06,0.0,0.0,0.0
2.08e-06,0.0,0.0,0.0
2.0840000000000003e-06,0.0,0.0,0.0
2.088e-06,0.0,0.0,0.0
2.092e-06,0.0,0.0,0.0
2.096e-06,0.0,0.0,0.0
2.1000000000000002e-06,0.0,0.0,0.0
2.104e-06,0.0,0.0,0.0
2.108e-06,0.0,0.0,0.0
2.1120000000000003e-06,0.0,0.0,0.0
2.116e-06,0.0,0.0,0.0
2.12e-06,0.0,0.0,0.0
2.1240000000000003e-06,0.0,0.0,0.0
2.128e-06,0.0,0.0,0.0
2.132e-06,0.0,0.0,0.0
2.136e-06,0.0,0.0,0.0
2.1400000000000003e-06,0.0,0.0,0.0
2.144e-06,0.0,0.0,0.0
2.148e-06,0.0,0.0,0.0
2.1520000000000003e-06,0.0,0.0,0.0
2.156e-06,0.0,0.0,0.0
2.16e-06,0.0,0.0,0.0
2.164e-06,0.0,0.0,0.0
2.1680000000000002e-06,0.0,0.0,0.0
2.172e-06,0.0,0.0,0.0
2.176e-06,0.0,0.0,0.0
2.1800000000000003e-06,0.0,0.0,0.0
2.184e-06,0.0,0.0,0.0
2.188e-06,0.0,0.0,0.0
2.192e-06,0.0,0.0,0.0
2.1960000000000002e-06,0.0,0.0,0.0
2.2e-06,0.0,0.0,0.0
2.204e-06,0.0,0.0,0.0
2.2080000000000003e-06,0.0,0.0,0.0
2.212e-06,0.0,0.0,0.0
2.216e-06,0.0,0.0,0.0
2.2200000000000003e-06,0.0,0.0,0.0
2.2240000000000002e-06,0.0,0.0,0.0
2.228e-06,0.0,0.0,0.0
2.232e-06,0.0,0.0,0.0
2.2360000000000003e-06,0.0,0.0,0.0
2.24e-06,0.0,0.0,0.0
2.244e-06,0.0,0.0,0.0
2.2480000000000003e-06,0.0,0.0,0.0
2.252e-06,0.0,0.0,0.0
2.256e-06,0.0,0.0,0.0
2.26e-06,0.0,0.0,0.0
2.2640000000000003e-06,0.0,0.0,0.0
2.268e-06,0.0,0.0,0.0
2.272e-06,0.0,0.0,0.0
2.2760000000000003e-06,0.0,0.0,0.0
2.28e-06,0.0,0.0,0.0
2.284e-06,0.0,0.0,0.0
2.288e-06,0.0,0.0,0.0
2.2920000000000002e-06,0.0,0.0,0.0
2.296e-06,0.0,0.0,0.0
2.3e-06,0.0,0.0,0.0
2.3040000000000003e-06,0.0,0.0,0.0
2.308e-06,0.0,0.0,0.0
2.312e-06,0.0,0.0,0.0
2.316e-06,0.0,0.0,0.0
2.3200000000000002e-06,0.0,0.0,0.0
2.324e-06,0.0,0.0,0.0
2.328e-06,0.0,0.0,0.0
2.3320000000000003e-06,0.0,0.0,0.0
2.336e-06,0.0,0.0,0.0
2.34e-06,0.0,0.0,0.0
2.3440000000000003e-06,0.0,0.0,0.0
2.3480000000000002e-06,0.0,0.0,0.0
2.352e-06,0.0,0.0,0.0
2.356e-06,0.0,0.0,0.0
2.3600000000000003e-06,0.0,0.0,0.0
2.364e-06,0.0,0.0,0.0
2.368e-06,0.0,0.0,0.0
2.3720000000000003e-06,0.0,0.0,0.0
2.376e-06,0.0,0.0,0.0
2.38e-06,0.0,0.0,0.0
2.384e-06,0.0,0.0,0.0
2.3880000000000003e-06,0.0,0.0,0.0
2.392e-06,0.0,0.0,0.0
2.396e-06,0.0,0.0,0.0
2.4000000000000003e-06,0.0,0.0,0.0
2.404e-06,0.0,0.0,0.0
2.408e-06,0.0,0.0,0.0
2.412e-06,0.0,0.0,0.0
2.4160000000000002e-06,0.0,0.0,0.0
2.42e-06,0.0,0.0,0.0
2.424e-06,0.0,0.0,0.0
2.4280000000000003e-06,0.0,0.0,0.0
2.432e-06,0.0,0.0,0.0
2.436e-06,0.0,0.0,0.0
2.4400000000000004e-06,0.0,0.0,0.0
2.4440000000000002e-06,0.0,0.0,0.0
2.448e-06,0.0,0.0,0.0
2.452e-06,0.0,0.0,0.0
2.4560000000000003e-06,0.0,0.0,0.0
2.46e-06,0.0,0.0,0.0
2.464e-06,0.0,0.0,0.0
2.4680000000000003e-06,0.0,0.0,0.0
2.4720000000000002e-06,0.0,0.0,0.0
2.476e-06,0.0,0.0,0.0
2.48e-06,0.0,0.0,0.0
2.4840000000000003e-06,0.0,0.0,0.0
2.488e-06,0.0,0.0,0.0
2.492e-06,0.0,0.0,0.0
2.4960000000000003e-06,0.0,0.0,0.0
2.5e-06,0.0,0.0,0.0
2.504e-06,0.0,0.0,0.0
2.508e-06,0.0,0.0,0.0
2.5120000000000003e-06,0.0,0.0,0.0
2.516e-06,0.0,0.0,0.0
2.52e-06,0.0,0.0,0.0
2.5240000000000003e-06,0.0,0.0,0.0
2.528e-06,0.0,0.0,0.0
2.532e-06,0.0,0.0,0.0
2.5360000000000004e-06,0.0,0.0,0.0
2.5400000000000002e-06,0.0,0.0,0.0
2.544e-06,0.0,0.0,0.0
2.548e-06,0.0,0.0,0.0
2.5520000000000003e-06,0.0,0.0,0.0
2.556e-06,0.0,0.0,0.0
2.56e-06,0.0,0.0,0.0
2.5640000000000004e-06,0.0,0.0,0.0
2.5680000000000002e-06,0.0,0.0,0.0
2.572e-06,0.0,0.0,0.0
2.576e-06,0.0,0.0,0.0
2.5800000000000003e-06,0.0,0.0,0.0
2.584e-06,0.0,0.0,0.0
2.588e-06,0.0,0.0,0.0
2.5920000000000003e-06,0.0,0.0,0.0
2.5960000000000002e-06,0.0,0.0,0.0
2.6e-06,0.0,0.0,0.0
2.604e-06,0.0,0.0,0.0
2.6080000000000003e-06,0.0,0.0,0.0
2.612e-06,0.0,0.0,0.0
2.616e-06,0.0,0.0,0.0
2.6200000000000003e-06,0.0,0.0,0.0
2.624e-06,0.0,0.0,0.0
2.628e-06,0.0,0.0,0.0
2.632e-06,0.0,0.0,0.0
2.6360000000000003e-06,0.0,0.0,0.0
2.64e-06,0.0,0.0,0.0
2.644e-06,0.0,0.0,0.0
2.6480000000000003e-06,0.0,0.0,0.0
2.652e-06,0.0,0.0,0.0
2.656e-06,0.0,0.0,0.0
2.6600000000000004e-06,0.0,0.0,0.0
2.6640000000000002e-06,0.0,0.0,0.0
2.668e-06,0.0,0.0,0.0
2.672e-06,0.0,0.0,0.0
2.6760000000000003e-06,0.0,0.0,0.0
2.68e-06,0.0,0.0,0.0
2.684e-06,0.0,0.0,0.0
2.6880000000000004e-06,0.0,0.0,0.0
2.6920000000000002e-06,0.0,0.0,0.0
2.696e-06,0.0,0.0,0.0
2.7e-06,0.0,0.0,0.0
2.7040000000000003e-06,0.0,0.0,0.0
2.708e-06,0.0,0.0,0.0
2.712e-06,0.0,0.0,0.0
2.7160000000000003e-06,0.0,0.0,0.0
2.7200000000000002e-06,0.0,0.0,0.0
2.724e-06,0.0,0.0,0.0
2.728e-06,0.0,0.0,0.0
2.7320000000000003e-06,0.0,0.0,0.0
2.736e-06,0.0,0.0,0.0
2.74e-06,0.0,0.0,0.0
2.7440000000000003e-06,0.0,0.0,0.0
2.748e-06,0.0,0.0,0.0
2.752e-06,0.0,0.0,0.0
2.7560000000000004e-06,0.0,0.0,0.0
2.7600000000000003e-06,0.0,0.0,0.0
2.764e-06,0.0,0.0,0.0
2.768e-06,0.0,0.0,0.0
2.7720000000000003e-06,0.0,0.0,0.0
2.776e-06,0.0,0.0,0.0
2.78e-06,0.0,0.0,0.0
2.7840000000000004e-06,0.0,0.0,0.0
2.7880000000000002e-06,0.0,0.0,0.0
2.792e-06,0.0,0.0,0.0
2.796e-06,0.0,0.0,0.0
2.8000000000000003e-06,0.0,0.0,0.0
2.804e-06,0.0,0.0,0.0
2.808e-06,0.0,0.0,0.0
2.8120000000000004e-06,0.0,0.0,0.0
2.8160000000000002e-06,0.0,0.0,0.0
2.82e-06,0.0,0.0,0.0
2.824e-06,0.0,0.0,0.0
2.8280000000000003e-06,0.0,0.0,0.0
2.832e-06,0.0,0.0,0.0
2.836e-06,0.0,0.0,0.0
2.8400000000000003e-06,0.0,0.0,0.0
2.8440000000000002e-06,0.0,0.0,0.0
2.848e-06,0.0,0.0,0.0
2.852e-06,0.0,0.0,0.0
2.8560000000000003e-06,0.0,0.0,0.0
2.86e-06,0.0,0.0,0.0
2.864e-06,0.0,0.0,0.0
2.8680000000000003e-06,0.0,0.0,0.0
2.872e-06,0.0,0.0,0.0
2.876e-06,0.0,0.0,0.0
2.8800000000000004e-06,0.0,0.0,0.0
2.8840000000000003e-06,0.0,0.0,0.0
2.888e-06,0.0,0.0,0.0
2.892e-06,0.0,0.0,0.0
2.8960000000000003e-06,0.0,0.0,0.0
2.9e-06,0.0,0.0,0.0
2.904e-06,0.0,0.0,0.0
2.9080000000000004e-06,0.0,0.0,0.0
2.9120000000000002e-06,0.0,0.0,0.0
2.916e-06,0.0,0.0,0.0
2.92e-06,0.0,0.0,0.0
2.9240000000000003e-06,0.0,0.0,0.0
2.928e-06,0.0,0.0,0.0
2.932e-06,0.0,0.0,0.0
2.9360000000000003e-06,0.0,0.0,0.0
2.9400000000000002e-06,0.0,0.0,0.0
2.944e-06,0.0,0.0,0.0
2.948e-06,0.0,0.0,0.0
2.9520000000000003e-06,0.0,0.0,0.0
2.956e-06,0.0,0.0,0.0
2.96e-06,0.0,0.0,0.0
2.9640000000000003e-06,0.0,0.0,0.0
2.9680000000000002e-06,0.0,0.0,0.0
2.972e-06,0.0,0.0,0.0
2.9760000000000004e-06,0.0,0.0,0.0
2.9800000000000003e-06,0.0,0.0,0.0
2.984e-06,0.0,0.0,0.0
2.988e-06,0.0,0.0,0.0
2.9920000000000003e-06,0.0,0.0,0.0
2.996e-06,0.0,0.0,0.0
3e-06,0.0,0.0,0.0
3.0040000000000004e-06,0.0,0.0,0.0
3.0080000000000003e-06,0.0,0.0,0.0
3.012e-06,0.0,0.0,0.0
3.016e-06,0.0,0.0,0.0
3.0200000000000003e-06,0.0,0.0,0.0
3.024e-06,0.0,0.0,0.0
3.028e-06,0.0,0.0,0.0
3.0320000000000004e-06,0.0,0.0,0.0
3.0360000000000002e-06,0.0,0.0,0.0
3.04e-06,0.0,0.0,0.0
3.044e-06,0.0,0.0,0.0
3.0480000000000003e-06,0.0,0.0,0.0
3.052e-06,0.0,0.0,0.0
3.056e-06,0.0,0.0,0.0
3.0600000000000003e-06,0.0,0.0,0.0
3.0640000000000002e-06,0.0,0.0,0.0
3.068e-06,0.0,0.0,0.0
3.0720000000000004e-06,0.0,0.0,0.0
3.0760000000000003e-06,0.0,0.0,0.0
3.08e-06,0.0,0.0,0.0
3.084e-06,0.0,0.0,0.0
3.0880000000000003e-06,0.0,0.0,0.0
3.092e-06,0.0,0.0,0.0
3.096e-06,0.0,0.0,0.0
3.1000000000000004e-06,0.0,0.0,0.0
3.1040000000000003e-06,0.0,0.0,0.0
3.108e-06,0.0,0.0,0.0
3.112e-06,0.0,0.0,0.0
3.1160000000000003e-06,0.0,0.0,0.0
3.12e-06,0.0,0.0,0.0
3.124e-06,0.0,0.0,0.0
3.1280000000000004e-06,0.0,0.0,0.0
3.1320000000000003e-06,0.0,0.0,0.0
3.136e-06,0.0,0.0,0.0
3.14e-06,0.0,0.0,0.0
3.1440000000000003e-06,0.0,0.0,0.0
3.148e-06,0.0,0.0,0.0
3.152e-06,0.0,0.0,0.0
3.1560000000000004e-06,0.0,0.0,0.0
3.1600000000000002e-06,0.0,0.0,0.0
3.164e-06,0.0,0.0,0.0
3.168e-06,0.0,0.0,0.0
3.1720000000000003e-06,0.0,0.0,0.0
3.176e-06,0.0,0.0,0.0
3.18e-06,0.0,0.0,0.0
3.1840000000000003e-06,0.0,0.0,0.0
3.1880000000000002e-06,0.0,0.0,0.0
3.192e-06,0.0,0.0,0.0
3.1960000000000004e-06,0.0,0.0,0.0
3.2000000000000003e-06,0.0,0.0,0.0
3.204e-06,0.0,0.0,0.0
3.208e-06,0.0,0.0,0.0
3.2120000000000003e-06,0.0,0.0,0.0
3.216e-06,0.0,0.0,0.0
3.22e-06,0.0,0.0,0.0
3.2240000000000004e-06,0.0,0.0,0.0
3.2280000000000003e-06,0.0,0.0,0.0
3.232e-06,0.0,0.0,0.0
3.236e-06,0.0,0.0,0.0
3.2400000000000003e-06,0.0,0.0,0.0
3.244e-06,0.0,0.0,0.0
3.248e-06,0.0,0.0,0.0
3.2520000000000004e-06,0.0,0.0,0.0
3.2560000000000003e-06,0.0,0.0,0.0
3.26e-06,0.0,0.0,0.0
3.264e-06,0.0,0.0,0.0
3.2680000000000003e-06,0.0,0.0,0.0
3.272e-06,0.0,0.0,0.0
3.276e-06,0.0,0.0,0.0
3.2800000000000004e-06,0.0,0.0,0.0
3.2840000000000002e-06,0.0,0.0,0.0
3.288e-06,0.0,0.0,0.0
3.2920000000000004e-06,0.0,0.0,0.0
3.2960000000000003e-06,0.0,0.0,0.0
3.3e-06,0.0,0.0,0.0
3.304e-06,0.0,0.0,0.0
3.3080000000000003e-06,0.0,0.0,0.0
3.3120000000000002e-06,0.0,0.0,0.0
3.316e-06,0.0,0.0,0.0
3.3200000000000004e-06,0.0,0.0,0.0
3.3240000000000003e-06,0.0,0.0,0.0
3.328e-06,0.0,0.0,0.0
3.332e-06,0.0,0.0,0.0
3.3360000000000003e-06,0.0,0.0,0.0
3.34e-06,0.0,0.0,0.0
3.344e-06,0.0,0.0,0.0
3.3480000000000004e-06,0.0,0.0,0.0
3.3520000000000003e-06,0.0,0.0,0.0
3.356e-06,0.0,0.0,0.0
3.36e-06,0.0,0.0,0.0
3.3640000000000003e-06,0.0,0.0,0.0
3.368e-06,0.0,0.0,0.0
3.372e-06,0.0,0.0,0.0
3.3760000000000004e-06,0.0,0.0,0.0
3.3800000000000002e-06,0.0,0.0,0.0
3.384e-06,0.0,0.0,0.0
3.388e-06,0.0,0.0,0.0
3.3920000000000003e-06,0.0,0.0,0.0
3.396e-06,0.0,0.0,0.0
3.4e-06,0.0,0.0,0.0
3.4040000000000004e-06,0.0,0.0,0.0
3.4080000000000002e-06,0.0,0.0,0.0
3.412e-06,0.0,0.0,0.0
3.4160000000000004e-06,0.0,0.0,0.0
3.4200000000000003e-06,0.0,0.0,0.0
3.424e-06,0.0,0.0,0.0
3.428e-06,0.0,0.0,0.0
3.4320000000000003e-06,0.0,0.0,0.0
3.4360000000000002e-06,0.0,0.0,0.0
3.44e-06,0.0,0.0,0.0
3.4440000000000004e-06,0.0,0.0,0.0
3.4480000000000003e-06,0.0,0.0,0.0
3.452e-06,0.0,0.0,0.0
3.456e-06,0.0,0.0,0.0
3.4600000000000003e-06,0.0,0.0,0.0
3.464e-06,0.0,0.0,0.0
3.468e-06,0.0,0.0,0.0
3.4720000000000004e-06,0.0,0.0,0.0
3.4760000000000003e-06,0.0,0.0,0.0
3.48e-06,0.0,0.0,0.0
3.484e-06,0.0,0.0,0.0
3.4880000000000003e-06,0.0,0.0,0.0
3.492e-06,0.0,0.0,0.0
3.496e-06,0.0,0.0,0.0
3.5000000000000004e-06,0.0,0.0,0.0
3.5040000000000002e-06,0.0,0.0,0.0
3.508e-06,0.0,0.0,0.0
3.5120000000000004e-06,0.0,0.0,0.0
3.5160000000000003e-06,0.0,0.0,0.0
3.52e-06,0.0,0.0,0.0
3.524e-06,0.0,0.0,0.0
3.5280000000000004e-06,0.0,0.0,0.0
3.5320000000000002e-06,0.0,0.0,0.0
3.536e-06,0.0,0.0,0.0
3.5400000000000004e-06,0.0,0.0,0.0
3.5440000000000003e-06,0.0,0.0,0.0
3.548e-06,0.0,0.0,0.0
3.552e-06,0.0,0.0,0.0
3.5560000000000003e-06,0.0,0.0,0.0
3.5600000000000002e-06,0.0,0.0,0.0
3.564e-06,0.0,0.0,0.0
3.5680000000000004e-06,0.0,0.0,0.0
3.5720000000000003e-06,0.0,0.0,0.0
3.576e-06,0.0,0.0,0.0
3.58e-06,0.0,0.0,0.0
3.5840000000000003e-06,0.0,0.0,0.0
3.588e-06,0.0,0.0,0.0
3.592e-06,0.0,0.0,0.0
3.5960000000000004e-06,0.0,0.0,0.0
3.6000000000000003e-06,0.0,0.0,0.0
3.604e-06,0.0,0.0,0.0
3.608e-06,0.0,0.0,0.0
3.6120000000000003e-06,0.0,0.0,0.0
3.616e-06,0.0,0.0,0.0
3.62e-06,0.0,0.0,0.0
3.6240000000000004e-06,0.0,0.0,0.0
3.6280000000000002e-06,0.0,0.0,0.0
3.632e-06,0.0,0.0,0.0
3.6360000000000004e-06,0.0,0.0,0.0
3.6400000000000003e-06,0.0,0.0,0.0
3.644e-06,0.0,0.0,0.0
3.648e-06,0.0,0.0,0.0
3.6520000000000004e-06,0.0,0.0,0.0
3.6560000000000002e-06,0.0,0.0,0.0
3.66e-06,0.0,0.0,0.0
3.6640000000000004e-06,0.0,0.0,0.0
3.6680000000000003e-06,0.0,0.0,0.0
3.672e-06,0.0,0.0,0.0
3.676e-06,0.0,0.0,0.0
3.6800000000000003e-06,0.0,0.0,0.0
3.6840000000000002e-06,0.0,0.0,0.0
3.688e-06,0.0,0.0,0.0
3.6920000000000004e-06,0.0,0.0,0.0
3.6960000000000003e-06,0.0,0.0,0.0
3.7e-06,0.0,0.0,0.0
3.704e-06,0.0,0.0,0.0
3.7080000000000003e-06,0.0,0.0,0.0
3.712e-06,0.0,0.0,0.0
3.716e-06,0.0,0.0,0.0
3.7200000000000004e-06,0.0,0.0,0.0
3.7240000000000003e-06,0.0,0.0,0.0
3.728e-06,0.0,0.0,0.0
3.7320000000000004e-06,0.0,0.0,0.0
3.7360000000000003e-06,0.0,0.0,0.0
3.74e-06,0.0,0.0,0.0
3.744e-06,0.0,0.0,0.0
3.7480000000000004e-06,0.0,0.0,0.0
3.7520000000000002e-06,0.0,0.0,0.0
3.756e-06,0.0,0.0,0.0
3.7600000000000004e-06,0.0,0.0,0.0
3.7640000000000003e-06,0.0,0.0,0.0
3.768e-06,0.0,0.0,0.0
3.772e-06,0.0,0.0,0.0
3.7760000000000004e-06,0.0,0.0,0.0
3.7800000000000002e-06,0.0,0.0,0.0
3.784e-06,0.0,0.0,0.0
3.7880000000000004e-06,0.0,0.0,0.0
3.7920000000000003e-06,0.0,0.0,0.0
3.796e-06,0.0,0.0,0.0
3.8e-06,0.0,0.0,0.0
3.8040000000000003e-06,0.0,0.0,0.0
3.8080000000000002e-06,0.0,0.0,0.0
3.812e-06,0.0,0.0,0.0
3.816e-06,0.0,0.0,0.0
3.82e-06,0.0,0.0,0.0
3.824e-06,0.0,0.0,0.0
3.8280000000000004e-06,0.0,0.0,0.0
3.832e-06,0.0,0.0,0.0
3.836e-06,0.0,0.0,0.0
3.8400000000000005e-06,0.0,0.0,0.0
3.844e-06,0.0,0.0,0.0
3.848e-06,0.0,0.0,0.0
3.8520000000000006e-06,0.0,0.0,0.0
3.856e-06,0.0,0.0,0.0
3.86e-06,0.0,0.0,0.0
3.864000000000001e-06,0.0,0.0,0.0
3.868e-06,0.0,0.0,0.0
3.872e-06,0.0,0.0,0.0
3.876e-06,0.0,0.0,0.0
3.88e-06,0.0,0.0,0.0
3.884e-06,0.0,0.0,0.0
3.888e-06,0.0,0.0,0.0
3.892e-06,0.0,0.0,0.0
3.8960000000000005e-06,0.0,0.0,0.0
3.9e-06,0.0,0.0,0.0
3.904e-06,0.0,0.0,0.0
3.9080000000000005e-06,0.0,0.0,0.0
3.912e-06,0.0,0.0,0.0
3.916e-06,0.0,0.0,0.0
3.920000000000001e-06,0.0,0.0,0.0
3.924e-06,0.0,0.0,0.0
3.928e-06,0.0,0.0,0.0
3.932000000000001e-06,0.0,0.0,0.0
3.936e-06,0.0,0.0,0.0
3.94e-06,0.0,0.0,0.0
3.944e-06,0.0,0.0,0.0
3.948e-06,0.0,0.0,0.0
3.9520000000000004e-06,0.0,0.0,0.0
3.956e-06,0.0,0.0,0.0
3.96e-06,0.0,0.0,0.0
3.9640000000000005e-06,0.0,0.0,0.0
3.968e-06,0.0,0.0,0.0
3.972e-06,0.0,0.0,0.0
3.9760000000000006e-06,0.0,0.0,0.0
3.98e-06,0.0,0.0,0.0
3.984e-06,0.0,0.0,0.0
3.988000000000001e-06,0.0,0.0,0.0
3.992e-06,0.0,0.0,0.0
3.996e-06,0.0,0.0,0.0
4.000000000000001e-06,0.0,0.0,0.0
4.004e-06,0.0,0.0,0.0
4.008e-06,0.0,0.0,0.0
4.012e-06,0.0,0.0,0.0
4.016e-06,0.0,0.0,0.0
4.0200000000000005e-06,0.0,0.0,0.0
4.024e-06,0.0,0.0,0.0
4.028e-06,0.0,0.0,0.0
4.0320000000000005e-06,0.0,0.0,0.0
4.036e-06,0.0,0.0,0.0
4.04e-06,0.0,0.0,0.0
4.044000000000001e-06,0.0,0.0,0.0
4.048e-06,0.0,0.0,0.0
4.052e-06,0.0,0.0,0.0
4.056000000000001e-06,0.0,0.0,0.0
4.06e-06,0.0,0.0,0.0
4.064e-06,0.0,0.0,0.0
4.068e-06,0.0,0.0,0.0
4.072e-06,0.0,0.0,0.0
4.0760000000000004e-06,0.0,0.0,0.0
4.08e-06,0.0,0.0,0.0
4.084e-06,0.0,0.0,0.0
4.0880000000000005e-06,0.0,0.0,0.0
4.092e-06,0.0,0.0,0.0
4.096e-06,0.0,0.0,0.0
4.1000000000000006e-06,0.0,0.0,0.0
4.104e-06,0.0,0.0,0.0
4.108e-06,0.0,0.0,0.0
4.112000000000001e-06,0.0,0.0,0.0
4.116e-06,0.0,0.0,0.0
4.12e-06,0.0,0.0,0.0
4.124000000000001e-06,0.0,0.0,0.0
4.128e-06,0.0,0.0,0.0
4.132e-06,0.0,0.0,0.0
4.136e-06,0.0,0.0,0.0
4.14e-06,0.0,0.0,0.0
4.1440000000000005e-06,0.0,0.0,0.0
4.148e-06,0.0,0.0,0.0
4.152e-06,0.0,0.0,0.0
4.1560000000000005e-06,0.0,0.0,0.0
4.16e-06,0.0,0.0,0.0
4.164e-06,0.0,0.0,0.0
4.168000000000001e-06,0.0,0.0,0.0
4.172e-06,0.0,0.0,0.0
4.176e-06,0.0,0.0,0.0
4.180000000000001e-06,0.0,0.0,0.0
4.184e-06,0.0,0.0,0.0
4.188e-06,0.0,0.0,0.0
4.192e-06,0.0,0.0,0.0
4.196e-06,0.0,0.0,0.0
4.2000000000000004e-06,0.0,0.0,0.0
4.204e-06,0.0,0.0,0.0
4.208e-06,0.0,0.0,0.0
4.2120000000000005e-06,0.0,0.0,0.0
4.216e-06,0.0,0.0,0.0
4.22e-06,0.0,0.0,0.0
4.2240000000000006e-06,0.0,0.0,0.0
4.228e-06,0.0,0.0,0.0
4.232e-06,0.0,0.0,0.0
4.236000000000001e-06,0.0,0.0,0.0
4.24e-06,0.0,0.0,0.0
4.244e-06,0.0,0.0,0.0
4.248000000000001e-06,0.0,0.0,0.0
4.252e-06,0.0,0.0,0.0
4.256e-06,0.0,0.0,0.0
4.26e-06,0.0,0.0,0.0
4.264e-06,0.0,0.0,0.0
4.2680000000000005e-06,0.0,0.0,0.0
4.272e-06,0.0,0.0,0.0
4.276e-06,0.0,0.0,0.0
4.2800000000000005e-06,0.0,0.0,0.0
4.284e-06,0.0,0.0,0.0
4.288e-06,0.0,0.0,0.0
4.292000000000001e-06,0.0,0.0,0.0
4.296e-06,0.0,0.0,0.0
4.3e-06,0.0,0.0,0.0
4.304000000000001e-06,0.0,0.0,0.0
4.308e-06,0.0,0.0,0.0
4.312e-06,0.0,0.0,0.0
4.316000000000001e-06,0.0,0.0,0.0
4.32e-06,0.0,0.0,0.0
4.3240000000000004e-06,0.0,0.0,0.0
4.328e-06,0.0,0.0,0.0
4.332e-06,0.0,0.0,0.0
4.3360000000000005e-06,0.0,0.0,0.0
4.34e-06,0.0,0.0,0.0
4.344e-06,0.0,0.0,0.0
4.3480000000000006e-06,0.0,0.0,0.0
4.352e-06,0.0,0.0,0.0
4.356e-06,0.0,0.0,0.0
4.360000000000001e-06,0.0,0.0,0.0
4.364e-06,0.0,0.0,0.0
4.368e-06,0.0,0.0,0.0
4.372000000000001e-06,0.0,0.0,0.0
4.376e-06,0.0,0.0,0.0
4.38e-06,0.0,0.0,0.0
4.384e-06,0.0,0.0,0.0
4.388e-06,0.0,0.0,0.0
4.3920000000000005e-06,0.0,0.0,0.0
4.396e-06,0.0,0.0,0.0
4.4e-06,0.0,0.0,0.0
4.4040000000000005e-06,0.0,0.0,0.0
4.408e-06,0.0,0.0,0.0
4.412e-06,0.0,0.0,0.0
4.416000000000001e-06,0.0,0.0,0.0
4.42e-06,0.0,0.0,0.0
4.424e-06,0.0,0.0,0.0
4.428000000000001e-06,0.0,0.0,0.0
4.432e-06,0.0,0.0,0.0
4.436e-06,0.0,0.0,0.0
4.440000000000001e-06,0.0,0.0,0.0
4.444e-06,0.0,0.0,0.0
4.4480000000000004e-06,0.0,0.0,0.0
4.452e-06,0.0,0.0,0.0
4.456e-06,0.0,0.0,0.0
4.4600000000000005e-06,0.0,0.0,0.0
4.464e-06,0.0,0.0,0.0
4.468e-06,0.0,0.0,0.0
4.4720000000000006e-06,0.0,0.0,0.0
4.476e-06,0.0,0.0,0.0
4.48e-06,0.0,0.0,0.0
4.484000000000001e-06,0.0,0.0,0.0
4.488e-06,0.0,0.0,0.0
4.492e-06,0.0,0.0,0.0
4.496000000000001e-06,0.0,0.0,0.0
4.5e-06,0.0,0.0,0.0
4.504e-06,0.0,0.0,0.0
4.508e-06,0.0,0.0,0.0
4.512e-06,0.0,0.0,0.0
4.5160000000000005e-06,0.0,0.0,0.0
4.52e-06,0.0,0.0,0.0
4.524e-06,0.0,0.0,0.0
4.5280000000000005e-06,0.0,0.0,0.0
4.532e-06,0.0,0.0,0.0
4.536e-06,0.0,0.0,0.0
4.540000000000001e-06,0.0,0.0,0.0
4.544e-06,0.0,0.0,0.0
4.548e-06,0.0,0.0,0.0
4.552000000000001e-06,0.0,0.0,0.0
4.556e-06,0.0,0.0,0.0
4.56e-06,0.0,0.0,0.0
4.564000000000001e-06,0.0,0.0,0.0
4.568e-06,0.0,0.0,0.0
4.5720000000000004e-06,0.0,0.0,0.0
4.576e-06,0.0,0.0,0.0
4.58e-06,0.0,0.0,0.0
4.5840000000000005e-06,0.0,0.0,0.0
4.588e-06,0.0,0.0,0.0
4.592e-06,0.0,0.0,0.0
4.5960000000000006e-06,0.0,0.0,0.0
4.6e-06,0.0,0.0,0.0
4.604e-06,0.0,0.0,0.0
4.608000000000001e-06,0.0,0.0,0.0
4.612e-06,0.0,0.0,0.0
4.616e-06,0.0,0.0,0.0
4.620000000000001e-06,0.0,0.0,0.0
4.624e-06,0.0,0.0,0.0
4.628e-06,0.0,0.0,0.0
4.632e-06,0.0,0.0,0.0
4.636e-06,0.0,0.0,0.0
4.6400000000000005e-06,0.0,0.0,0.0
4.644e-06,0.0,0.0,0.0
4.648e-06,0.0,0.0,0.0
4.6520000000000005e-06,0.0,0.0,0.0
4.656e-06,0.0,0.0,0.0
4.66e-06,0.0,0.0,0.0
4.664000000000001e-06,0.0,0.0,0.0
4.668e-06,0.0,0.0,0.0
4.672e-06,0.0,0.0,0.0
4.676000000000001e-06,0.0,0.0,0.0
4.68e-06,0.0,0.0,0.0
4.684e-06,0.0,0.0,0.0
4.688000000000001e-06,0.0,0.0,0.0
4.692e-06,0.0,0.0,0.0
4.6960000000000004e-06,0.0,0.0,0.0
4.7e-06,0.0,0.0,0.0
4.704e-06,0.0,0.0,0.0
4.7080000000000005e-06,0.0,0.0,0.0
4.712e-06,0.0,0.0,0.0
4.716e-06,0.0,0.0,0.0
4.7200000000000005e-06,0.0,0.0,0.0
4.724e-06,0.0,0.0,0.0
4.728e-06,0.0,0.0,0.0
4.732000000000001e-06,0.0,0.0,0.0
4.736e-06,0.0,0.0,0.0
4.74e-06,0.0,0.0,0.0
4.744000000000001e-06,0.0,0.0,0.0
4.748e-06,0.0,0.0,0.0
4.752e-06,0.0,0.0,0.0
4.756000000000001e-06,0.0,0.0,0.0
4.76e-06,0.0,0.0,0.0
4.7640000000000005e-06,0.0,0.0,0.0
4.768e-06,0.0,0.0,0.0
4.772e-06,0.0,0.0,0.0
4.7760000000000005e-06,0.0,0.0,0.0
4.78e-06,0.0,0.0,0.0
4.784e-06,0.0,0.0,0.0
4.7880000000000006e-06,0.0,0.0,0.0
4.792e-06,0.0,0.0,0.0
4.796e-06,0.0,0.0,0.0
4.800000000000001e-06,0.0,0.0,0.0
4.804e-06,0.0,0.0,0.0
4.808e-06,0.0,0.0,0.0
4.812000000000001e-06,0.0,0.0,0.0
4.816e-06,0.0,0.0,0.0
4.8200000000000004e-06,0.0,0.0,0.0
4.824e-06,0.0,0.0,0.0
4.828e-06,0.0,0.0,0.0
4.8320000000000005e-06,0.0,0.0,0.0
4.836e-06,0.0,0.0,0.0
4.84e-06,0.0,0.0,0.0
4.8440000000000005e-06,0.0,0.0,0.0
4.848e-06,0.0,0.0,0.0
4.852e-06,0.0,0.0,0.0
4.856000000000001e-06,0.0,0.0,0.0
4.86e-06,0.0,0.0,0.0
4.864e-06,0.0,0.0,0.0
4.868000000000001e-06,0.0,0.0,0.0
4.872e-06,0.0,0.0,0.0
4.876e-06,0.0,0.0,0.0
4.880000000000001e-06,0.0,0.0,0.0
4.884e-06,0.0,0.0,0.0
4.8880000000000005e-06,0.0,0.0,0.0
4.892e-06,0.0,0.0,0.0
4.896e-06,0.0,0.0,0.0
4.9000000000000005e-06,0.0,0.0,0.0
4.904e-06,0.0,0.0,0.0
4.908e-06,0.0,0.0,0.0
4.9120000000000006e-06,0.0,0.0,0.0
4.916e-06,0.0,0.0,0.0
4.92e-06,0.0,0.0,0.0
4.924000000000001e-06,0.0,0.0,0.0
4.928e-06,0.0,0.0,0.0
4.932e-06,0.0,0.0,0.0
4.936000000000001e-06,0.0,0.0,0.0
4.94e-06,0.0,0.0,0.0
4.9440000000000004e-06,0.0,0.0,0.0
4.948e-06,0.0,0.0,0.0
4.952e-06,0.0,0.0,0.0
4.9560000000000005e-06,0.0,0.0,0.0
4.96e-06,0.0,0.0,0.0
4.964e-06,0.0,0.0,0.0
4.9680000000000005e-06,0.0,0.0,0.0
4.972e-06,0.0,0.0,0.0
4.976e-06,0.0,0.0,0.0
4.980000000000001e-06,0.0,0.0,0.0
4.984e-06,0.0,0.0,0.0
4.988e-06,0.0,0.0,0.0
4.992000000000001e-06,0.0,0.0,0.0
4.996e-06,0.0,0.0,0.0
5e-06,0.0,0.0,0.0
5.004000000000001e-06,0.0,0.0,0.0
5.008e-06,0.0,0.0,0.0
5.0120000000000005e-06,0.0,0.0,0.0
5.016e-06,0.0,0.0,0.0
5.02e-06,0.0,0.0,0.0
5.0240000000000005e-06,0.0,0.0,0.0
5.028e-06,0.0,0.0,0.0
5.032e-06,0.0,0.0,0.0
5.0360000000000006e-06,0.0,0.0,0.0
5.04e-06,0.0,0.0,0.0
5.044e-06,0.0,0.0,0.0
5.048000000000001e-06,0.0,0.0,0.0
5.052e-06,0.0,0.0,0.0
5.056e-06,0.0,0.0,0.0
5.060000000000001e-06,0.0,0.0,0.0
5.064e-06,0.0,0.0,0.0
5.0680000000000004e-06,0.0,0.0,0.0
5.072000000000001e-06,0.0,0.0,0.0
5.076e-06,0.0,0.0,0.0
5.0800000000000005e-06,0.0,0.0,0.0
5.084e-06,0.0,0.0,0.0
5.088e-06,0.0,0.0,0.0
5.0920000000000005e-06,0.0,0.0,0.0
5.096e-06,0.0,0.0,0.0
5.1e-06,0.0,0.0,0.0
5.104000000000001e-06,0.0,0.0,0.0
5.108e-06,0.0,0.0,0.0
5.112e-06,0.0,0.0,0.0
5.116000000000001e-06,0.0,0.0,0.0
5.12e-06,0.0,0.0,0.0
5.124e-06,0.0,0.0,0.0
5.128000000000001e-06,0.0,0.0,0.0
5.132e-06,0.0,0.0,0.0
5.1360000000000005e-06,0.0,0.0,0.0
5.14e-06,0.0,0.0,0.0
5.144e-06,0.0,0.0,0.0
5.1480000000000005e-06,0.0,0.0,0.0
5.152e-06,0.0,0.0,0.0
5.156e-06,0.0,0.0,0.0
5.1600000000000006e-06,0.0,0.0,0.0
5.164e-06,0.0,0.0,0.0
5.168e-06,0.0,0.0,0.0
5.172000000000001e-06,0.0,0.0,0.0
5.176e-06,0.0,0.0,0.0
5.18e-06,0.0,0.0,0.0
5.184000000000001e-06,0.0,0.0,0.0
5.188e-06,0.0,0.0,0.0
5.1920000000000004e-06,0.0,0.0,0.0
5.196000000000001e-06,0.0,0.0,0.0
5.2e-06,0.0,0.0,0.0
5.2040000000000005e-06,0.0,0.0,0.0
5.208e-06,0.0,0.0,0.0
5.212e-06,0.0,0.0,0.0
5.2160000000000005e-06,0.0,0.0,0.0
5.22e-06,0.0,0.0,0.0
5.224e-06,0.0,0.0,0.0
5.228000000000001e-06,0.0,0.0,0.0
5.232e-06,0.0,0.0,0.0
5.236e-06,0.0,0.0,0.0
5.240000000000001e-06,0.0,0.0,0.0
5.244e-06,0.0,0.0,0.0
5.248e-06,0.0,0.0,0.0
5.252000000000001e-06,0.0,0.0,0.0
5.256e-06,0.0,0.0,0.0
5.2600000000000005e-06,0.0,0.0,0.0
5.264e-06,0.0,0.0,0.0
5.268e-06,0.0,0.0,0.0
5.2720000000000005e-06,0.0,0.0,0.0
5.276e-06,0.0,0.0,0.0
5.28e-06,0.0,0.0,0.0
5.2840000000000006e-06,0.0,0.0,0.0
5.288e-06,0.0,0.0,0.0
5.292e-06,0.0,0.0,0.0
5.296000000000001e-06,0.0,0.0,0.0
5.3e-06,0.0,0.0,0.0
5.304e-06,0.0,0.0,0.0
5.308000000000001e-06,0.0,0.0,0.0
5.312e-06,0.0,0.0,0.0
5.3160000000000004e-06,0.0,0.0,0.0
5.320000000000001e-06,0.0,0.0,0.0
5.324e-06,0.0,0.0,0.0
5.3280000000000005e-06,0.0,0.0,0.0
5.332e-06,0.0,0.0,0.0
5.336e-06,0.0,0.0,0.0
5.3400000000000005e-06,0.0,0.0,0.0
5.344e-06,0.0,0.0,0.0
5.348e-06,0.0,0.0,0.0
5.352000000000001e-06,0.0,0.0,0.0
5.356e-06,0.0,0.0,0.0
5.36e-06,0.0,0.0,0.0
5.364000000000001e-06,0.0,0.0,0.0
5.368e-06,0.0,0.0,0.0
5.372e-06,0.0,0.0,0.0
5.376000000000001e-06,0.0,0.0,0.0
5.38e-06,0.0,0.0,0.0
5.3840000000000005e-06,0.0,0.0,0.0
5.388e-06,0.0,0.0,0.0
5.392e-06,0.0,0.0,0.0
5.3960000000000005e-06,0.0,0.0,0.0
5.4e-06,0.0,0.0,0.0
5.404e-06,0.0,0.0,0.0
5.4080000000000006e-06,0.0,0.0,0.0
5.412e-06,0.0,0.0,0.0
5.416e-06,0.0,0.0,0.0
5.420000000000001e-06,0.0,0.0,0.0
5.424e-06,0.0,0.0,0.0
5.428e-06,0.0,0.0,0.0
5.432000000000001e-06,0.0,0.0,0.0
5.436e-06,0.0,0.0,0.0
5.4400000000000004e-06,0.0,0.0,0.0
5.444000000000001e-06,0.0,0.0,0.0
5.448e-06,0.0,0.0,0.0
5.4520000000000005e-06,0.0,0.0,0.0
5.456e-06,0.0,0.0,0.0
5.46e-06,0.0,0.0,0.0
5.4640000000000005e-06,0.0,0.0,0.0
5.468e-06,0.0,0.0,0.0
5.472e-06,0.0,0.0,0.0
5.476000000000001e-06,0.0,0.0,0.0
5.48e-06,0.0,0.0,0.0
5.484e-06,0.0,0.0,0.0
5.488000000000001e-06,0.0,0.0,0.0
5.492e-06,0.0,0.0,0.0
5.496e-06,0.0,0.0,0.0
5.500000000000001e-06,0.0,0.0,0.0
5.504e-06,0.0,0.0,0.0
5.5080000000000005e-06,0.0,0.0,0.0
5.512000000000001e-06,0.0,0.0,0.0
5.516e-06,0.0,0.0,0.0
5.5200000000000005e-06,0.0,0.0,0.0
5.524e-06,0.0,0.0,0.0
5.528e-06,0.0,0.0,0.0
5.5320000000000006e-06,0.0,0.0,0.0
5.536e-06,0.0,0.0,0.0
5.54e-06,0.0,0.0,0.0
5.544000000000001e-06,0.0,0.0,0.0
5.548e-06,0.0,0.0,0.0
5.552e-06,0.0,0.0,0.0
5.556000000000001e-06,0.0,0.0,0.0
5.56e-06,0.0,0.0,0.0
5.5640000000000004e-06,0.0,0.0,0.0
5.568000000000001e-06,0.0,0.0,0.0
5.572e-06,0.0,0.0,0.0
5.5760000000000005e-06,0.0,0.0,0.0
5.58e-06,0.0,0.0,0.0
5.584e-06,0.0,0.0,0.0
5.5880000000000005e-06,0.0,0.0,0.0
5.592e-06,0.0,0.0,0.0
5.596e-06,0.0,0.0,0.0
5.600000000000001e-06,0.0,0.0,0.0
5.604e-06,0.0,0.0,0.0
5.608e-06,0.0,0.0,0.0
5.612000000000001e-06,0.0,0.0,0.0
5.616e-06,0.0,0.0,0.0
5.62e-06,0.0,0.0,0.0
5.624000000000001e-06,0.0,0.0,0.0
5.628e-06,0.0,0.0,0.0
5.6320000000000005e-06,0.0,0.0,0.0
5.636000000000001e-06,0.0,0.0,0.0
5.64e-06,0.0,0.0,0.0
5.6440000000000005e-06,0.0,0.0,0.0
5.648e-06,0.0,0.0,0.0
5.652e-06,0.0,0.0,0.0
5.6560000000000006e-06,0.0,0.0,0.0
5.66e-06,0.0,0.0,0.0
5.664e-06,0.0,0.0,0.0
5.668000000000001e-06,0.0,0.0,0.0
5.672e-06,0.0,0.0,0.0
5.676e-06,0.0,0.0,0.0
5.680000000000001e-06,0.0,0.0,0.0
5.684e-06,0.0,0.0,0.0
5.6880000000000004e-06,0.0,0.0,0.0
5.692000000000001e-06,0.0,0.0,0.0
5.696e-06,0.0,0.0,0.0
5.7000000000000005e-06,0.0,0.0,0.0
5.704e-06,0.0,0.0,0.0
5.708e-06,0.0,0.0,0.0
5.7120000000000005e-06,0.0,0.0,0.0
5.716e-06,0.0,0.0,0.0
5.72e-06,0.0,0.0,0.0
5.724000000000001e-06,0.0,0.0,0.0
5.728e-06,0.0,0.0,0.0
5.732e-06,0.0,0.0,0.0
5.736000000000001e-06,0.0,0.0,0.0
5.74e-06,0.0,0.0,0.0
5.744e-06,0.0,0.0,0.0
5.748000000000001e-06,0.0,0.0,0.0
5.752e-06,0.0,0.0,0.0
5.7560000000000005e-06,0.0,0.0,0.0
5.760000000000001e-06,0.0,0.0,0.0
5.764e-06,0.0,0.0,0.0
5.7680000000000005e-06,0.0,0.0,0.0
5.772e-06,0.0,0.0,0.0
5.776e-06,0.0,0.0,0.0
5.7800000000000006e-06,0.0,0.0,0.0
5.784e-06,0.0,0.0,0.0
5.788e-06,0.0,0.0,0.0
5.792000000000001e-06,0.0,0.0,0.0
5.796e-06,0.0,0.0,0.0
5.8e-06,0.0,0.0,0.0
5.804000000000001e-06,0.0,0.0,0.0
5.808e-06,0.0,0.0,0.0
5.8120000000000004e-06,0.0,0.0,0.0
5.816000000000001e-06,0.0,0.0,0.0
5.82e-06,0.0,0.0,0.0
5.8240000000000005e-06,0.0,0.0,0.0
5.828000000000001e-06,0.0,0.0,0.0
5.832e-06,0.0,0.0,0.0
5.8360000000000005e-06,0.0,0.0,0.0
5.84e-06,0.0,0.0,0.0
5.844e-06,0.0,0.0,0.0
5.848000000000001e-06,0.0,0.0,0.0
5.852e-06,0.0,0.0,0.0
5.856e-06,0.0,0.0,0.0
5.860000000000001e-06,0.0,0.0,0.0
5.864e-06,0.0,0.0,0.0
5.868e-06,0.0,0.0,0.0
5.872000000000001e-06,0.0,0.0,0.0
5.876e-06,0.0,0.0,0.0
5.8800000000000005e-06,0.0,0.0,0.0
5.884000000000001e-06,0.0,0.0,0.0
5.888e-06,0.0,0.0,0.0
5.8920000000000005e-06,0.0,0.0,0.0
5.896e-06,0.0,0.0,0.0
5.9e-06,0.0,0.0,0.0
5.9040000000000006e-06,0.0,0.0,0.0
5.908e-06,0.0,0.0,0.0
5.912e-06,0.0,0.0,0.0
5.916000000000001e-06,0.0,0.0,0.0
5.92e-06,0.0,0.0,0.0
5.924e-06,0.0,0.0,0.0
5.928000000000001e-06,0.0,0.0,0.0
5.932e-06,0.0,0.0,0.0
5.9360000000000004e-06,0.0,0.0,0.0
5.940000000000001e-06,0.0,0.0,0.0
5.944e-06,0.0,0.0,0.0
5.9480000000000005e-06,0.0,0.0,0.0
5.952000000000001e-06,0.0,0.0,0.0
5.956e-06,0.0,0.0,0.0
5.9600000000000005e-06,0.0,0.0,0.0
5.964e-06,0.0,0.0,0.0
5.968e-06,0.0,0.0,0.0
5.972000000000001e-06,0.0,0.0,0.0
5.976e-06,0.0,0.0,0.0
5.98e-06,0.0,0.0,0.0
5.984000000000001e-06,0.0,0.0,0.0
5.988e-06,0.0,0.0,0.0
5.992e-06,0.0,0.0,0.0
5.996000000000001e-06,0.0,0.0,0.0
6e-06,0.0,0.0,0.0
6.0040000000000005e-06,0.0,0.0,0.0
6.008000000000001e-06,0.0,0.0,0.0
6.012e-06,0.0,0.0,0.0
6.0160000000000005e-06,0.0,0.0,0.0
6.02e-06,0.0,0.0,0.0
6.024e-06,0.0,0.0,0.0
6.0280000000000006e-06,0.0,0.0,0.0
6.032e-06,0.0,0.0,0.0
6.036e-06,0.0,0.0,0.0
6.040000000000001e-06,0.0,0.0,0.0
6.044e-06,0.0,0.0,0.0
6.048e-06,0.0,0.0,0.0
6.052000000000001e-06,0.0,0.0,0.0
6.056e-06,0.0,0.0,0.0
6.0600000000000004e-06,0.0,0.0,0.0
6.064000000000001e-06,0.0,0.0,0.0
6.068e-06,0.0,0.0,0.0
6.0720000000000005e-06,0.0,0.0,0.0
6.076000000000001e-06,0.0,0.0,0.0
6.08e-06,0.0,0.0,0.0
6.0840000000000005e-06,0.0,0.0,0.0
6.088e-06,0.0,0.0,0.0
6.092e-06,0.0,0.0,0.0
6.096000000000001e-06,0.0,0.0,0.0
6.1e-06,0.0,0.0,0.0
6.104e-06,0.0,0.0,0.0
6.108000000000001e-06,0.0,0.0,0.0
6.112e-06,0.0,0.0,0.0
6.116e-06,0.0,0.0,0.0
6.120000000000001e-06,0.0,0.0,0.0
6.124e-06,0.0,0.0,0.0
6.1280000000000005e-06,0.0,0.0,0.0
6.132000000000001e-06,0.0,0.0,0.0
6.136e-06,0.0,0.0,0.0
6.1400000000000005e-06,0.0,0.0,0.0
6.144000000000001e-06,0.0,0.0,0.0
6.148e-06,0.0,0.0,0.0
6.1520000000000006e-06,0.0,0.0,0.0
6.156e-06,0.0,0.0,0.0
6.16e-06,0.0,0.0,0.0
6.164000000000001e-06,0.0,0.0,0.0
6.168e-06,0.0,0.0,0.0
6.172e-06,0.0,0.0,0.0
6.176000000000001e-06,0.0,0.0,0.0
6.18e-06,0.0,0.0,0.0
6.184e-06,0.0,0.0,0.0
6.188000000000001e-06,0.0,0.0,0.0
6.192e-06,0.0,0.0,0.0
6.1960000000000005e-06,0.0,0.0,0.0
6.200000000000001e-06,0.0,0.0,0.0
6.204e-06,0.0,0.0,0.0
6.2080000000000005e-06,0.0,0.0,0.0
6.212e-06,0.0,0.0,0.0
6.216e-06,0.0,0.0,0.0
6.220000000000001e-06,0.0,0.0,0.0
6.224e-06,0.0,0.0,0.0
6.228e-06,0.0,0.0,0.0
6.232000000000001e-06,0.0,0.0,0.0
6.236e-06,0.0,0.0,0.0
6.24e-06,0.0,0.0,0.0
6.244000000000001e-06,0.0,0.0,0.0
6.248e-06,0.0,0.0,0.0
6.2520000000000004e-06,0.0,0.0,0.0
6.256000000000001e-06,0.0,0.0,0.0
6.26e-06,0.0,0.0,0.0
6.2640000000000005e-06,0.0,0.0,0.0
6.268000000000001e-06,0.0,0.0,0.0
6.272e-06,0.0,0.0,0.0
6.2760000000000006e-06,0.0,0.0,0.0
6.28e-06,0.0,0.0,0.0
6.284e-06,0.0,0.0,0.0
6.288000000000001e-06,0.0,0.0,0.0
6.292e-06,0.0,0.0,0.0
6.296e-06,0.0,0.0,0.0
6.300000000000001e-06,0.0,0.0,0.0
6.304e-06,0.0,0.0,0.0
6.308e-06,0.0,0.0,0.0
6.312000000000001e-06,0.0,0.0,0.0
6.316e-06,0.0,0.0,0.0
6.3200000000000005e-06,0.0,0.0,0.0
6.324000000000001e-06,0.0,0.0,0.0
6.328e-06,0.0,0.0,0.0
6.3320000000000005e-06,0.0,0.0,0.0
6.336e-06,0.0,0.0,0.0
6.34e-06,0.0,0.0,0.0
6.344000000000001e-06,0.0,0.0,0.0
6.348e-06,0.0,0.0,0.0
6.352e-06,0.0,0.0,0.0
6.356000000000001e-06,0.0,0.0,0.0
6.36e-06,0.0,0.0,0.0
6.364e-06,0.0,0.0,0.0
6.368000000000001e-06,0.0,0.0,0.0
6.372e-06,0.0,0.0,0.0
6.3760000000000004e-06,0.0,0.0,0.0
6.380000000000001e-06,0.0,0.0,0.0
6.384e-06,0.0,0.0,0.0
6.3880000000000005e-06,0.0,0.0,0.0
6.392000000000001e-06,0.0,0.0,0.0
6.396e-06,0.0,0.0,0.0
6.4000000000000006e-06,0.0,0.0,0.0
6.404e-06,0.0,0.0,0.0
6.408e-06,0.0,0.0,0.0
6.412000000000001e-06,0.0,0.0,0.0
6.416e-06,0.0,0.0,0.0
6.42e-06,0.0,0.0,0.0
6.424000000000001e-06,0.0,0.0,0.0
6.428e-06,0.0,0.0,0.0
6.432e-06,0.0,0.0,0.0
6.436000000000001e-06,0.0,0.0,0.0
6.44e-06,0.0,0.0,0.0
6.4440000000000005e-06,0.0,0.0,0.0
6.448000000000001e-06,0.0,0.0,0.0
6.452e-06,0.0,0.0,0.0
6.4560000000000005e-06,0.0,0.0,0.0
6.46e-06,0.0,0.0,0.0
6.464e-06,0.0,0.0,0.0
6.468000000000001e-06,0.0,0.0,0.0
6.472e-06,0.0,0.0,0.0
6.476e-06,0.0,0.0,0.0
6.480000000000001e-06,0.0,0.0,0.0
6.484e-06,0.0,0.0,0.0
6.488e-06,0.0,0.0,0.0
6.492000000000001e-06,0.0,0.0,0.0
6.496e-06,0.0,0.0,0.0
6.5000000000000004e-06,0.0,0.0,0.0
6.504000000000001e-06,0.0,0.0,0.0
6.508e-06,0.0,0.0,0.0
6.5120000000000005e-06,0.0,0.0,0.0
6.516000000000001e-06,0.0,0.0,0.0
6.52e-06,0.0,0.0,0.0
6.5240000000000006e-06,0.0,0.0,0.0
6.528e-06,0.0,0.0,0.0
6.532e-06,0.0,0.0,0.0
6.536000000000001e-06,0.0,0.0,0.0
6.54e-06,0.0,0.0,0.0
6.544e-06,0.0,0.0,0.0
6.548000000000001e-06,0.0,0.0,0.0
6.552e-06,0.0,0.0,0.0
6.556e-06,0.0,0.0,0.0
6.560000000000001e-06,0.0,0.0,0.0
6.564e-06,0.0,0.0,0.0
6.5680000000000005e-06,0.0,0.0,0.0
6.572000000000001e-06,0.0,0.0,0.0
6.576e-06,0.0,0.0,0.0
6.5800000000000005e-06,0.0,0.0,0.0
6.584000000000001e-06,0.0,0.0,0.0
6.588e-06,0.0,0.0,0.0
6.592000000000001e-06,0.0,0.0,0.0
6.596e-06,0.0,0.0,0.0
6.6e-06,0.0,0.0,0.0
6.604000000000001e-06,0.0,0.0,0.0
6.608e-06,0.0,0.0,0.0
6.612e-06,0.0,0.0,0.0
6.616000000000001e-06,0.0,0.0,0.0
6.62e-06,0.0,0.0,0.0
6.6240000000000004e-06,0.0,0.0,0.0
6.628000000000001e-06,0.0,0.0,0.0
6.632e-06,0.0,0.0,0.0
6.6360000000000005e-06,0.0,0.0,0.0
6.640000000000001e-06,0.0,0.0,0.0
6.644e-06,0.0,0.0,0.0
6.6480000000000006e-06,0.0,0.0,0.0
6.652e-06,0.0,0.0,0.0
6.656e-06,0.0,0.0,0.0
6.660000000000001e-06,0.0,0.0,0.0
6.664e-06,0.0,0.0,0.0
6.668e-06,0.0,0.0,0.0
6.672000000000001e-06,0.0,0.0,0.0
6.676e-06,0.0,0.0,0.0
6.68e-06,0.0,0.0,0.0
6.684000000000001e-06,0.0,0.0,0.0
6.688e-06,0.0,0.0,0.0
6.6920000000000005e-06,0.0,0.0,0.0
6.696000000000001e-06,0.0,0.0,0.0
6.7e-06,0.0,0.0,0.0
6.7040000000000005e-06,0.0,0.0,0.0
6.708000000000001e-06,0.0,0.0,0.0
6.712e-06,0.0,0.0,0.0
6.716000000000001e-06,0.0,0.0,0.0
6.72e-06,0.0,0.0,0.0
6.724e-06,0.0,0.0,0.0
6.728000000000001e-06,0.0,0.0,0.0
6.732e-06,0.0,0.0,0.0
6.736e-06,0.0,0.0,0.0
6.740000000000001e-06,0.0,0.0,0.0
6.744e-06,0.0,0.0,0.0
6.7480000000000004e-06,0.0,0.0,0.0
6.752000000000001e-06,0.0,0.0,0.0
6.756e-06,0.0,0.0,0.0
6.7600000000000005e-06,0.0,0.0,0.0
6.764000000000001e-06,0.0,0.0,0.0
6.768e-06,0.0,0.0,0.0
6.7720000000000006e-06,0.0,0.0,0.0
6.776e-06,0.0,0.0,0.0
6.78e-06,0.0,0.0,0.0
6.784000000000001e-06,0.0,0.0,0.0
6.788e-06,0.0,0.0,0.0
6.792e-06,0.0,0.0,0.0
6.796000000000001e-06,0.0,0.0,0.0
6.8e-06,0.0,0.0,0.0
6.804e-06,0.0,0.0,0.0
6.808000000000001e-06,0.0,0.0,0.0
6.812e-06,0.0,0.0,0.0
6.8160000000000005e-06,0.0,0.0,0.0
6.820000000000001e-06,0.0,0.0,0.0
6.824e-06,0.0,0.0,0.0
6.8280000000000005e-06,0.0,0.0,0.0
6.832000000000001e-06,0.0,0.0,0.0
6.836e-06,0.0,0.0,0.0
6.840000000000001e-06,0.0,0.0,0.0
6.844e-06,0.0,0.0,0.0
6.848e-06,0.0,0.0,0.0
6.852000000000001e-06,0.0,0.0,0.0
6.856e-06,0.0,0.0,0.0
6.86e-06,0.0,0.0,0.0
6.864000000000001e-06,0.0,0.0,0.0
6.868e-06,0.0,0.0,0.0
6.8720000000000004e-06,0.0,0.0,0.0
6.876000000000001e-06,0.0,0.0,0.0
6.88e-06,0.0,0.0,0.0
6.8840000000000005e-06,0.0,0.0,0.0
6.888000000000001e-06,0.0,0.0,0.0
6.892e-06,0.0,0.0,0.0
6.8960000000000006e-06,0.0,0.0,0.0
6.900000000000001e-06,0.0,0.0,0.0
6.904e-06,0.0,0.0,0.0
6.908000000000001e-06,0.0,0.0,0.0
6.912e-06,0.0,0.0,0.0
6.916e-06,0.0,0.0,0.0
6.920000000000001e-06,0.0,0.0,0.0
6.924e-06,0.0,0.0,0.0
6.928e-06,0.0,0.0,0.0
6.932000000000001e-06,0.0,0.0,0.0
6.936e-06,0.0,0.0,0.0
6.9400000000000005e-06,0.0,0.0,0.0
6.944000000000001e-06,0.0,0.0,0.0
6.948e-06,0.0,0.0,0.0
6.9520000000000005e-06,0.0,0.0,0.0
6.956000000000001e-06,0.0,0.0,0.0
6.96e-06,0.0,0.0,0.0
6.964000000000001e-06,0.0,0.0,0.0
6.968e-06,0.0,0.0,0.0
6.972e-06,0.0,0.0,0.0
6.976000000000001e-06,0.0,0.0,0.0
6.98e-06,0.0,0.0,0.0
6.984e-06,0.0,0.0,0.0
6.988000000000001e-06,0.0,0.0,0.0
6.992e-06,0.0,0.0,0.0
6.9960000000000004e-06,0.0,0.0,0.0
7.000000000000001e-06,0.0,0.0,0.0
7.004e-06,0.0,0.0,0.0
7.0080000000000005e-06,0.0,0.0,0.0
7.012000000000001e-06,0.0,0.0,0.0
7.016e-06,0.0,0.0,0.0
7.0200000000000006e-06,0.0,0.0,0.0
7.024000000000001e-06,0.0,0.0,0.0
7.028e-06,0.0,0.0,0.0
7.032000000000001e-06,0.0,0.0,0.0
7.036e-06,0.0,0.0,0.0
7.04e-06,0.0,0.0,0.0
7.044000000000001e-06,0.0,0.0,0.0
7.048e-06,0.0,0.0,0.0
7.052e-06,0.0,0.0,0.0
7.056000000000001e-06,0.0,0.0,0.0
7.06e-06,0.0,0.0,0.0
7.0640000000000005e-06,0.0,0.0,0.0
7.068000000000001e-06,0.0,0.0,0.0
7.072e-06,0.0,0.0,0.0
7.0760000000000005e-06,0.0,0.0,0.0
7.080000000000001e-06,0.0,0.0,0.0
7.084e-06,0.0,0.0,0.0
7.088000000000001e-06,0.0,0.0,0.0
7.092e-06,0.0,0.0,0.0
7.096e-06,0.0,0.0,0.0
7.100000000000001e-06,0.0,0.0,0.0
7.104e-06,0.0,0.0,0.0
7.108e-06,0.0,0.0,0.0
7.112000000000001e-06,0.0,0.0,0.0
7.116e-06,0.0,0.0,0.0
7.1200000000000004e-06,0.0,0.0,0.0
7.124000000000001e-06,0.0,0.0,0.0
7.128e-06,0.0,0.0,0.0
7.1320000000000005e-06,0.0,0.0,0.0
7.136000000000001e-06,0.0,0.0,0.0
7.14e-06,0.0,0.0,0.0
7.1440000000000005e-06,0.0,0.0,0.0
7.148000000000001e-06,0.0,0.0,0.0
7.152e-06,0.0,0.0,0.0
7.156000000000001e-06,0.0,0.0,0.0
7.16e-06,0.0,0.0,0.0
7.164e-06,0.0,0.0,0.0
7.168000000000001e-06,0.0,0.0,0.0
7.172e-06,0.0,0.0,0.0
7.176e-06,0.0,0.0,0.0
7.180000000000001e-06,0.0,0.0,0.0
7.184e-06,0.0,0.0,0.0
7.1880000000000005e-06,0.0,0.0,0.0
7.192000000000001e-06,0.0,0.0,0.0
7.196e-06,0.0,0.0,0.0
7.2000000000000005e-06,0.0,0.0,0.0
7.204000000000001e-06,0.0,0.0,0.0
7.208e-06,0.0,0.0,0.0
7.2120000000000006e-06,0.0,0.0,0.0
7.216e-06,0.0,0.0,0.0
7.22e-06,0.0,0.0,0.0
7.224000000000001e-06,0.0,0.0,0.0
7.228e-06,0.0,0.0,0.0
7.232e-06,0.0,0.0,0.0
7.236000000000001e-06,0.0,0.0,0.0
7.24e-06,0.0,0.0,0.0
7.2440000000000004e-06,0.0,0.0,0.0
7.248000000000001e-06,0.0,0.0,0.0
7.252e-06,0.0,0.0,0.0
7.2560000000000005e-06,0.0,0.0,0.0
7.260000000000001e-06,0.0,0.0,0.0
7.264e-06,0.0,0.0,0.0
7.2680000000000005e-06,0.0,0.0,0.0
7.272000000000001e-06,0.0,0.0,0.0
7.276e-06,0.0,0.0,0.0
7.280000000000001e-06,0.0,0.0,0.0
7.284e-06,0.0,0.0,0.0
7.288e-06,0.0,0.0,0.0
7.292000000000001e-06,0.0,0.0,0.0
7.296e-06,0.0,0.0,0.0
7.3e-06,0.0,0.0,0.0
7.304000000000001e-06,0.0,0.0,0.0
7.308e-06,0.0,0.0,0.0
7.3120000000000005e-06,0.0,0.0,0.0
7.316000000000001e-06,0.0,0.0,0.0
7.32e-06,0.0,0.0,0.0
7.3240000000000005e-06,0.0,0.0,0.0
7.328000000000001e-06,0.0,0.0,0.0
7.332e-06,0.0,0.0,0.0
7.3360000000000006e-06,0.0,0.0,0.0
7.340000000000001e-06,0.0,0.0,0.0
7.344e-06,0.0,0.0,0.0
7.348000000000001e-06,0.0,0.0,0.0
7.352e-06,0.0,0.0,0.0
7.356e-06,0.0,0.0,0.0
7.360000000000001e-06,0.0,0.0,0.0
7.364e-06,0.0,0.0,0.0
7.3680000000000004e-06,0.0,0.0,0.0
7.372000000000001e-06,0.0,0.0,0.0
7.376e-06,0.0,0.0,0.0
7.3800000000000005e-06,0.0,0.0,0.0
7.384000000000001e-06,0.0,0.0,0.0
7.388e-06,0.0,0.0,0.0
7.3920000000000005e-06,0.0,0.0,0.0
7.396000000000001e-06,0.0,0.0,0.0
7.4e-06,0.0,0.0,0.0
7.404000000000001e-06,0.0,0.0,0.0
7.408e-06,0.0,0.0,0.0
7.412e-06,0.0,0.0,0.0
7.416000000000001e-06,0.0,0.0,0.0
7.42e-06,0.0,0.0,0.0
7.424e-06,0.0,0.0,0.0
7.428000000000001e-06,0.0,0.0,0.0
7.432e-06,0.0,0.0,0.0
7.4360000000000005e-06,0.0,0.0,0.0
7.440000000000001e-06,0.0,0.0,0.0
7.444e-06,0.0,0.0,0.0
7.4480000000000005e-06,0.0,0.0,0.0
7.452000000000001e-06,0.0,0.0,0.0
7.456e-06,0.0,0.0,0.0
7.4600000000000006e-06,0.0,0.0,0.0
7.464000000000001e-06,0.0,0.0,0.0
7.468e-06,0.0,0.0,0.0
7.472000000000001e-06,0.0,0.0,0.0
7.476e-06,0.0,0.0,0.0
7.48e-06,0.0,0.0,0.0
7.484000000000001e-06,0.0,0.0,0.0
7.488e-06,0.0,0.0,0.0
7.4920000000000004e-06,0.0,0.0,0.0
7.496000000000001e-06,0.0,0.0,0.0
7.5e-06,0.0,0.0,0.0
7.5040000000000005e-06,0.0,0.0,0.0
7.508000000000001e-06,0.0,0.0,0.0
7.512e-06,0.0,0.0,0.0
7.5160000000000005e-06,0.0,0.0,0.0
7.520000000000001e-06,0.0,0.0,0.0
7.524e-06,0.0,0.0,0.0
7.528000000000001e-06,0.0,0.0,0.0
7.532e-06,0.0,0.0,0.0
7.536e-06,0.0,0.0,0.0
7.540000000000001e-06,0.0,0.0,0.0
7.544e-06,0.0,0.0,0.0
7.548e-06,0.0,0.0,0.0
7.552000000000001e-06,0.0,0.0,0.0
7.556e-06,0.0,0.0,0.0
7.5600000000000005e-06,0.0,0.0,0.0
7.564000000000001e-06,0.0,0.0,0.0
7.568e-06,0.0,0.0,0.0
7.5720000000000005e-06,0.0,0.0,0.0
7.576000000000001e-06,0.0,0.0,0.0
7.58e-06,0.0,0.0,0.0
7.5840000000000006e-06,0.0,0.0,0.0
7.588000000000001e-06,0.0,0.0,0.0
7.592e-06,0.0,0.0,0.0
7.596000000000001e-06,0.0,0.0,0.0
7.6e-06,0.0,0.0,0.0
7.604e-06,0.0,0.0,0.0
7.608000000000001e-06,0.0,0.0,0.0
7.612e-06,0.0,0.0,0.0
7.6160000000000004e-06,0.0,0.0,0.0
7.620000000000001e-06,0.0,0.0,0.0
7.624e-06,0.0,0.0,0.0
7.6280000000000005e-06,0.0,0.0,0.0
7.632e-06,0.0,0.0,0.0
7.636000000000001e-06,0.0,0.0,0.0
7.64e-06,0.0,0.0,0.0
7.644e-06,0.0,0.0,0.0
7.648e-06,0.0,0.0,0.0
7.652e-06,0.0,0.0,0.0
7.656000000000001e-06,0.0,0.0,0.0
7.660000000000001e-06,0.0,0.0,0.0
7.664e-06,0.0,0.0,0.0
7.668e-06,0.0,0.0,0.0
7.672e-06,0.0,0.0,0.0
7.676e-06,0.0,0.0,0.0
7.680000000000001e-06,0.0,0.0,0.0
7.684000000000001e-06,0.0,0.0,0.0
7.688e-06,0.0,0.0,0.0
7.692e-06,0.0,0.0,0.0
7.696e-06,0.0,0.0,0.0
7.7e-06,0.0,0.0,0.0
7.704000000000001e-06,0.0,0.0,0.0
7.708e-06,0.0,0.0,0.0
7.712e-06,0.0,0.0,0.0
7.716e-06,0.0,0.0,0.0
7.72e-06,0.0,0.0,0.0
7.724000000000001e-06,0.0,0.0,0.0
7.728000000000001e-06,0.0,0.0,0.0
7.732e-06,0.0,0.0,0.0
7.736e-06,0.0,0.0,0.0
7.74e-06,0.0,0.0,0.0
7.744e-06,0.0,0.0,0.0
7.748000000000001e-06,0.0,0.0,0.0
7.752e-06,0.0,0.0,0.0
7.756e-06,0.0,0.0,0.0
7.76e-06,0.0,0.0,0.0
7.764e-06,0.0,0.0,0.0
7.768e-06,0.0,0.0,0.0
7.772000000000001e-06,0.0,0.0,0.0
7.776e-06,0.0,0.0,0.0
7.78e-06,0.0,0.0,0.0
7.784e-06,0.0,0.0,0.0
7.788e-06,0.0,0.0,0.0
7.792000000000001e-06,0.0,0.0,0.0
7.796000000000001e-06,0.0,0.0,0.0
7.8e-06,0.0,0.0,0.0
7.804e-06,0.0,0.0,0.0
7.808e-06,0.0,0.0,0.0
7.812e-06,0.0,0.0,0.0
7.816000000000001e-06,0.0,0.0,0.0
7.82e-06,0.0,0.0,0.0
7.824e-06,0.0,0.0,0.0
7.828e-06,0.0,0.0,0.0
7.832e-06,0.0,0.0,0.0
7.836000000000001e-06,0.0,0.0,0.0
7.840000000000001e-06,0.0,0.0,0.0
7.844e-06,0.0,0.0,0.0
7.848e-06,0.0,0.0,0.0
7.852e-06,0.0,0.0,0.0
7.856e-06,0.0,0.0,0.0
7.860000000000001e-06,0.0,0.0,0.0
7.864000000000001e-06,0.0,0.0,0.0
7.868e-06,0.0,0.0,0.0
7.872e-06,0.0,0.0,0.0
7.876e-06,0.0,0.0,0.0
7.88e-06,0.0,0.0,0.0
7.884000000000001e-06,0.0,0.0,0.0
7.888e-06,0.0,0.0,0.0
7.892e-06,0.0,0.0,0.0
7.896e-06,0.0,0.0,0.0
7.9e-06,0.0,0.0,0.0
7.904000000000001e-06,0.0,0.0,0.0
7.908000000000001e-06,0.0,0.0,0.0
7.912e-06,0.0,0.0,0.0
7.916e-06,0.0,0.0,0.0
7.92e-06,0.0,0.0,0.0
7.924e-06,0.0,0.0,0.0
7.928000000000001e-06,0.0,0.0,0.0
7.932000000000001e-06,0.0,0.0,0.0
7.936e-06,0.0,0.0,0.0
7.94e-06,0.0,0.0,0.0
7.944e-06,0.0,0.0,0.0
7.948e-06,0.0,0.0,0.0
7.952000000000001e-06,0.0,0.0,0.0
7.956e-06,0.0,0.0,0.0
7.96e-06,0.0,0.0,0.0
7.964e-06,0.0,0.0,0.0
7.968e-06,0.0,0.0,0.0
7.972000000000001e-06,0.0,0.0,0.0
7.976000000000001e-06,0.0,0.0,0.0
7.98e-06,0.0,0.0,0.0
7.984e-06,0.0,0.0,0.0
7.988e-06,0.0,0.0,0.0
7.992e-06,0.0,0.0,0.0
7.996000000000001e-06,0.0,0.0,0.0
8.000000000000001e-06,0.0,0.0,0.0
8.004e-06,0.0,0.0,0.0
8.008e-06,0.0,0.0,0.0
8.012e-06,0.0,0.0,0.0
8.016e-06,0.0,0.0,0.0
8.020000000000001e-06,0.0,0.0,0.0
8.024e-06,0.0,0.0,0.0
8.028e-06,0.0,0.0,0.0
8.032e-06,0.0,0.0,0.0
8.036e-06,0.0,0.0,0.0
8.040000000000001e-06,0.0,0.0,0.0
8.044000000000001e-06,0.0,0.0,0.0
8.048e-06,0.0,0.0,0.0
8.052e-06,0.0,0.0,0.0
8.056e-06,0.0,0.0,0.0
8.06e-06,0.0,0.0,0.0
8.064000000000001e-06,0.0,0.0,0.0
8.068e-06,0.0,0.0,0.0
8.072e-06,0.0,0.0,0.0
8.076e-06,0.0,0.0,0.0
8.08e-06,0.0,0.0,0.0
8.084000000000001e-06,0.0,0.0,0.0
8.088000000000001e-06,0.0,0.0,0.0
8.092e-06,0.0,0.0,0.0
8.096e-06,0.0,0.0,0.0
8.1e-06,0.0,0.0,0.0
8.104e-06,0.0,0.0,0.0
8.108000000000001e-06,0.0,0.0,0.0
8.112000000000001e-06,0.0,0.0,0.0
8.116e-06,0.0,0.0,0.0
8.12e-06,0.0,0.0,0.0
8.124e-06,0.0,0.0,0.0
8.128e-06,0.0,0.0,0.0
8.132000000000001e-06,0.0,0.0,0.0
8.136e-06,0.0,0.0,0.0
8.14e-06,0.0,0.0,0.0
8.144e-06,0.0,0.0,0.0
8.148e-06,0.0,0.0,0.0
8.152000000000001e-06,0.0,0.0,0.0
8.156000000000001e-06,0.0,0.0,0.0
8.16e-06,0.0,0.0,0.0
8.164e-06,0.0,0.0,0.0
8.168e-06,0.0,0.0,0.0
8.172e-06,0.0,0.0,0.0
8.176000000000001e-06,0.0,0.0,0.0
8.180000000000001e-06,0.0,0.0,0.0
8.184e-06,0.0,0.0,0.0
8.188e-06,0.0,0.0,0.0
8.192e-06,0.0,0.0,0.0
8.196e-06,0.0,0.0,0.0
8.200000000000001e-06,0.0,0.0,0.0
8.204e-06,0.0,0.0,0.0
8.208e-06,0.0,0.0,0.0
8.212e-06,0.0,0.0,0.0
8.216e-06,0.0,0.0,0.0
8.220000000000001e-06,0.0,0.0,0.0
8.224000000000001e-06,0.0,0.0,0.0
8.228e-06,0.0,0.0,0.0
8.232e-06,0.0,0.0,0.0
8.236e-06,0.0,0.0,0.0
8.24e-06,0.0,0.0,0.0
8.244000000000001e-06,0.0,0.0,0.0
8.248000000000001e-06,0.0,0.0,0.0
8.252e-06,0.0,0.0,0.0
8.256e-06,0.0,0.0,0.0
8.26e-06,0.0,0.0,0.0
8.264e-06,0.0,0.0,0.0
8.268000000000001e-06,0.0,0.0,0.0
8.272e-06,0.0,0.0,0.0
8.276e-06,0.0,0.0,0.0
8.28e-06,0.0,0.0,0.0
8.284e-06,0.0,0.0,0.0
8.288000000000001e-06,0.0,0.0,0.0
8.292000000000001e-06,0.0,0.0,0.0
8.296e-06,0.0,0.0,0.0
8.3e-06,0.0,0.0,0.0
8.304e-06,0.0,0.0,0.0
8.308e-06,0.0,0.0,0.0
8.312000000000001e-06,0.0,0.0,0.0
8.316000000000001e-06,0.0,0.0,0.0
8.32e-06,0.0,0.0,0.0
8.324e-06,0.0,0.0,0.0
8.328e-06,0.0,0.0,0.0
8.332000000000001e-06,0.0,0.0,0.0
8.336000000000001e-06,0.0,0.0,0.0
8.34e-06,0.0,0.0,0.0
8.344e-06,0.0,0.0,0.0
8.348e-06,0.0,0.0,0.0
8.352e-06,0.0,0.0,0.0
8.356000000000001e-06,0.0,0.0,0.0
8.360000000000001e-06,0.0,0.0,0.0
8.364e-06,0.0,0.0,0.0
8.368e-06,0.0,0.0,0.0
8.372e-06,0.0,0.0,0.0
8.376e-06,0.0,0.0,0.0
8.380000000000001e-06,0.0,0.0,0.0
8.384e-06,0.0,0.0,0.0
8.388e-06,0.0,0.0,0.0
8.392e-06,0.0,0.0,0.0
8.396e-06,0.0,0.0,0.0
8.400000000000001e-06,0.0,0.0,0.0
8.404000000000001e-06,0.0,0.0,0.0
8.408e-06,0.0,0.0,0.0
8.412e-06,0.0,0.0,0.0
8.416e-06,0.0,0.0,0.0
8.42e-06,0.0,0.0,0.0
8.424000000000001e-06,0.0,0.0,0.0
8.428000000000001e-06,0.0,0.0,0.0
8.432e-06,0.0,0.0,0.0
8.436e-06,0.0,0.0,0.0
8.44e-06,0.0,0.0,0.0
8.444e-06,0.0,0.0,0.0
8.448000000000001e-06,0.0,0.0,0.0
8.452e-06,0.0,0.0,0.0
8.456e-06,0.0,0.0,0.0
8.46e-06,0.0,0.0,0.0
8.464e-06,0.0,0.0,0.0
8.468000000000001e-06,0.0,0.0,0.0
8.472000000000001e-06,0.0,0.0,0.0
8.476e-06,0.0,0.0,0.0
8.48e-06,0.0,0.0,0.0
8.484e-06,0.0,0.0,0.0
8.488e-06,0.0,0.0,0.0
8.492000000000001e-06,0.0,0.0,0.0
8.496000000000001e-06,0.0,0.0,0.0
8.5e-06,0.0,0.0,0.0
8.504e-06,0.0,0.0,0.0
8.508e-06,0.0,0.0,0.0
8.512e-06,0.0,0.0,0.0
8.516000000000001e-06,0.0,0.0,0.0
8.52e-06,0.0,0.0,0.0
8.524e-06,0.0,0.0,0.0
8.528e-06,0.0,0.0,0.0
8.532e-06,0.0,0.0,0.0
8.536000000000001e-06,0.0,0.0,0.0
8.540000000000001e-06,0.0,0.0,0.0
8.544e-06,0.0,0.0,0.0
8.548e-06,0.0,0.0,0.0
8.552e-06,0.0,0.0,0.0
8.556e-06,0.0,0.0,0.0
8.560000000000001e-06,0.0,0.0,0.0
8.564000000000001e-06,0.0,0.0,0.0
8.568e-06,0.0,0.0,0.0
8.572e-06,0.0,0.0,0.0
8.576e-06,0.0,0.0,0.0
8.580000000000001e-06,0.0,0.0,0.0
8.584000000000001e-06,0.0,0.0,0.0
8.588e-06,0.0,0.0,0.0
8.592e-06,0.0,0.0,0.0
8.596e-06,0.0,0.0,0.0
8.6e-06,0.0,0.0,0.0
8.604000000000001e-06,0.0,0.0,0.0
8.608000000000001e-06,0.0,0.0,0.0
8.612e-06,0.0,0.0,0.0
8.616e-06,0.0,0.0,0.0
8.62e-06,0.0,0.0,0.0
8.624e-06,0.0,0.0,0.0
8.628000000000001e-06,0.0,0.0,0.0
8.632000000000001e-06,0.0,0.0,0.0
8.636e-06,0.0,0.0,0.0
8.64e-06,0.0,0.0,0.0
8.644e-06,0.0,0.0,0.0
8.648000000000001e-06,0.0,0.0,0.0
8.652000000000001e-06,0.0,0.0,0.0
8.656e-06,0.0,0.0,0.0
8.66e-06,0.0,0.0,0.0
8.664e-06,0.0,0.0,0.0
8.668e-06,0.0,0.0,0.0
8.672000000000001e-06,0.0,0.0,0.0
8.676000000000001e-06,0.0,0.0,0.0
8.68e-06,0.0,0.0,0.0
8.684e-06,0.0,0.0,0.0
8.688e-06,0.0,0.0,0.0
8.692e-06,0.0,0.0,0.0
8.696000000000001e-06,0.0,0.0,0.0
8.7e-06,0.0,0.0,0.0
8.704e-06,0.0,0.0,0.0
8.708e-06,0.0,0.0,0.0
8.712e-06,0.0,0.0,0.0
8.716000000000001e-06,0.0,0.0,0.0
8.720000000000001e-06,0.0,0.0,0.0
8.724e-06,0.0,0.0,0.0
8.728e-06,0.0,0.0,0.0
8.732e-06,0.0,0.0,0.0
8.736e-06,0.0,0.0,0.0
8.740000000000001e-06,0.0,0.0,0.0
8.744000000000001e-06,0.0,0.0,0.0
8.748e-06,0.0,0.0,0.0
8.752e-06,0.0,0.0,0.0
8.756e-06,0.0,0.0,0.0
8.76e-06,0.0,0.0,0.0
8.764000000000001e-06,0.0,0.0,0.0
8.768e-06,0.0,0.0,0.0
8.772e-06,0.0,0.0,0.0
8.776e-06,0.0,0.0,0.0
8.78e-06,0.0,0.0,0.0
8.784000000000001e-06,0.0,0.0,0.0
8.788000000000001e-06,0.0,0.0,0.0
8.792e-06,0.0,0.0,0.0
8.796e-06,0.0,0.0,0.0
8.8e-06,0.0,0.0,0.0
8.804e-06,0.0,0.0,0.0
8.808000000000001e-06,0.0,0.0,0.0
8.812000000000001e-06,0.0,0.0,0.0
8.816e-06,0.0,0.0,0.0
8.82e-06,0.0,0.0,0.0
8.824e-06,0.0,0.0,0.0
8.828000000000001e-06,0.0,0.0,0.0
8.832000000000001e-06,0.0,0.0,0.0
8.836e-06,0.0,0.0,0.0
8.84e-06,0.0,0.0,0.0
8.844e-06,0.0,0.0,0.0
8.848e-06,0.0,0.0,0.0
8.852000000000001e-06,0.0,0.0,0.0
8.856000000000001e-06,0.0,0.0,0.0
8.86e-06,0.0,0.0,0.0
8.864e-06,0.0,0.0,0.0
8.868e-06,0.0,0.0,0.0
8.872e-06,0.0,0.0,0.0
8.876000000000001e-06,0.0,0.0,0.0
8.880000000000001e-06,0.0,0.0,0.0
8.884e-06,0.0,0.0,0.0
8.888e-06,0.0,0.0,0.0
8.892e-06,0.0,0.0,0.0
8.896000000000001e-06,0.0,0.0,0.0
8.900000000000001e-06,0.0,0.0,0.0
8.904e-06,0.0,0.0,0.0
8.908e-06,0.0,0.0,0.0
8.912e-06,0.0,0.0,0.0
8.916e-06,0.0,0.0,0.0
8.920000000000001e-06,0.0,0.0,0.0
8.924000000000001e-06,0.0,0.0,0.0
8.928e-06,0.0,0.0,0.0
8.932e-06,0.0,0.0,0.0
8.936e-06,0.0,0.0,0.0
8.94e-06,0.0,0.0,0.0
8.944000000000001e-06,0.0,0.0,0.0
8.948000000000001e-06,0.0,0.0,0.0
8.952e-06,0.0,0.0,0.0
8.956e-06,0.0,0.0,0.0
8.96e-06,0.0,0.0,0.0
8.964000000000001e-06,0.0,0.0,0.0
8.968000000000001e-06,0.0,0.0,0.0
8.972e-06,0.0,0.0,0.0
8.976e-06,0.0,0.0,0.0
8.98e-06,0.0,0.0,0.0
8.984e-06,0.0,0.0,0.0
8.988000000000001e-06,0.0,0.0,0.0
8.992000000000001e-06,0.0,0.0,0.0
8.996e-06,0.0,0.0,0.0
9e-06,0.0,0.0,0.0
9.004e-06,0.0,0.0,0.0
9.008e-06,0.0,0.0,0.0
9.012000000000001e-06,0.0,0.0,0.0
9.016e-06,0.0,0.0,0.0
9.02e-06,0.0,0.0,0.0
9.024e-06,0.0,0.0,0.0
9.028e-06,0.0,0.0,0.0
9.032000000000001e-06,0.0,0.0,0.0
9.036000000000001e-06,0.0,0.0,0.0
9.04e-06,0.0,0.0,0.0
9.044e-06,0.0,0.0,0.0
9.048e-06,0.0,0.0,0.0
9.052e-06,0.0,0.0,0.0
9.056000000000001e-06,0.0,0.0,0.0
9.060000000000001e-06,0.0,0.0,0.0
9.064e-06,0.0,0.0,0.0
9.068e-06,0.0,0.0,0.0
9.072e-06,0.0,0.0,0.0
9.076000000000001e-06,0.0,0.0,0.0
9.080000000000001e-06,0.0,0.0,0.0
9.084e-06,0.0,0.0,0.0
9.088e-06,0.0,0.0,0.0
9.092e-06,0.0,0.0,0.0
9.096e-06,0.0,0.0,0.0
9.100000000000001e-06,0.0,0.0,0.0
9.104000000000001e-06,0.0,0.0,0.0
9.108e-06,0.0,0.0,0.0
9.112e-06,0.0,0.0,0.0
9.116e-06,0.0,0.0,0.0
9.12e-06,0.0,0.0,0.0
9.124000000000001e-06,0.0,0.0,0.0
9.128000000000001e-06,0.0,0.0,0.0
9.132e-06,0.0,0.0,0.0
9.136e-06,0.0,0.0,0.0
9.14e-06,0.0,0.0,0.0
9.144000000000001e-06,0.0,0.0,0.0
9.148000000000001e-06,0.0,0.0,0.0
9.152e-06,0.0,0.0,0.0
9.156e-06,0.0,0.0,0.0
9.16e-06,0.0,0.0,0.0
9.164e-06,0.0,0.0,0.0
9.168000000000001e-06,0.0,0.0,0.0
9.172000000000001e-06,0.0,0.0,0.0
9.176e-06,0.0,0.0,0.0
9.18e-06,0.0,0.0,0.0
9.184e-06,0.0,0.0,0.0
9.188e-06,0.0,0.0,0.0
9.192000000000001e-06,0.0,0.0,0.0
9.196000000000001e-06,0.0,0.0,0.0
9.2e-06,0.0,0.0,0.0
9.204e-06,0.0,0.0,0.0
9.208e-06,0.0,0.0,0.0
9.212000000000001e-06,0.0,0.0,0.0
9.216000000000001e-06,0.0,0.0,0.0
9.22e-06,0.0,0.0,0.0
9.224e-06,0.0,0.0,0.0
9.228e-06,0.0,0.0,0.0
9.232e-06,0.0,0.0,0.0
9.236000000000001e-06,0.0,0.0,0.0
9.240000000000001e-06,0.0,0.0,0.0
9.244e-06,0.0,0.0,0.0
9.248e-06,0.0,0.0,0.0
9.252e-06,0.0,0.0,0.0
9.256e-06,0.0,0.0,0.0
9.260000000000001e-06,0.0,0.0,0.0
9.264e-06,0.0,0.0,0.0
9.268e-06,0.0,0.0,0.0
9.272e-06,0.0,0.0,0.0
9.276e-06,0.0,0.0,0.0
9.280000000000001e-06,0.0,0.0,0.0
9.284000000000001e-06,0.0,0.0,0.0
9.288e-06,0.0,0.0,0.0
9.292e-06,0.0,0.0,0.0
9.296e-06,0.0,0.0,0.0
9.3e-06,0.0,0.0,0.0
9.304000000000001e-06,0.0,0.0,0.0
9.308000000000001e-06,0.0,0.0,0.0
9.312e-06,0.0,0.0,0.0
9.316e-06,0.0,0.0,0.0
9.32e-06,0.0,0.0,0.0
9.324000000000001e-06,0.0,0.0,0.0
9.328000000000001e-06,0.0,0.0,0.0
9.332e-06,0.0,0.0,0.0
9.336e-06,0.0,0.0,0.0
9.34e-06,0.0,0.0,0.0
9.344e-06,0.0,0.0,0.0
9.348000000000001e-06,0.0,0.0,0.0
9.352000000000001e-06,0.0,0.0,0.0
9.356e-06,0.0,0.0,0.0
9.36e-06,0.0,0.0,0.0
9.364e-06,0.0,0.0,0.0
9.368e-06,0.0,0.0,0.0
9.372000000000001e-06,0.0,0.0,0.0
9.376000000000001e-06,0.0,0.0,0.0
9.38e-06,0.0,0.0,0.0
9.384e-06,0.0,0.0,0.0
9.388e-06,0.0,0.0,0.0
9.392000000000001e-06,0.0,0.0,0.0
9.396000000000001e-06,0.0,0.0,0.0
9.4e-06,0.0,0.0,0.0
9.404e-06,0.0,0.0,0.0
9.408e-06,0.0,0.0,0.0
9.412e-06,0.0,0.0,0.0
9.416000000000001e-06,0.0,0.0,0.0
9.420000000000001e-06,0.0,0.0,0.0
9.424e-06,0.0,0.0,0.0
9.428e-06,0.0,0.0,0.0
9.432e-06,0.0,0.0,0.0
9.436e-06,0.0,0.0,0.0
9.440000000000001e-06,0.0,0.0,0.0
9.444000000000001e-06,0.0,0.0,0.0
9.448e-06,0.0,0.0,0.0
9.452e-06,0.0,0.0,0.0
9.456e-06,0.0,0.0,0.0
9.460000000000001e-06,0.0,0.0,0.0
9.464000000000001e-06,0.0,0.0,0.0
9.468e-06,0.0,0.0,0.0
9.472e-06,0.0,0.0,0.0
9.476e-06,0.0,0.0,0.0
9.48e-06,0.0,0.0,0.0
9.484000000000001e-06,0.0,0.0,0.0
9.488000000000001e-06,0.0,0.0,0.0
9.492e-06,0.0,0.0,0.0
9.496e-06,0.0,0.0,0.0
9.5e-06,0.0,0.0,0.0
9.504e-06,0.0,0.0,0.0
9.508000000000001e-06,0.0,0.0,0.0
9.512000000000001e-06,0.0,0.0,0.0
9.516e-06,0.0,0.0,0.0
9.52e-06,0.0,0.0,0.0
9.524e-06,0.0,0.0,0.0
9.528000000000001e-06,0.0,0.0,0.0
9.532000000000001e-06,0.0,0.0,0.0
9.536e-06,0.0,0.0,0.0
9.54e-06,0.0,0.0,0.0
9.544e-06,0.0,0.0,0.0
9.548e-06,0.0,0.0,0.0
9.552000000000001e-06,0.0,0.0,0.0
9.556000000000001e-06,0.0,0.0,0.0
9.56e-06,0.0,0.0,0.0
9.564e-06,0.0,0.0,0.0
9.568e-06,0.0,0.0,0.0
9.572000000000001e-06,0.0,0.0,0.0
9.576000000000001e-06,0.0,0.0,0.0
9.58e-06,0.0,0.0,0.0
9.584e-06,0.0,0.0,0.0
9.588e-06,0.0,0.0,0.0
9.592e-06,0.0,0.0,0.0
9.596000000000001e-06,0.0,0.0,0.0
9.600000000000001e-06,0.0,0.0,0.0
9.604e-06,0.0,0.0,0.0
9.608e-06,0.0,0.0,0.0
9.612e-06,0.0,0.0,0.0
9.616e-06,0.0,0.0,0.0
9.620000000000001e-06,0.0,0.0,0.0
9.624000000000001e-06,0.0,0.0,0.0
9.628e-06,0.0,0.0,0.0
9.632e-06,0.0,0.0,0.0
9.636e-06,0.0,0.0,0.0
9.640000000000001e-06,0.0,0.0,0.0
9.644000000000001e-06,0.0,0.0,0.0
9.648e-06,0.0,0.0,0.0
9.652e-06,0.0,0.0,0.0
9.656e-06,0.0,0.0,0.0
9.66e-06,0.0,0.0,0.0
9.664000000000001e-06,0.0,0.0,0.0
9.668000000000001e-06,0.0,0.0,0.0
9.672e-06,0.0,0.0,0.0
9.676e-06,0.0,0.0,0.0
9.68e-06,0.0,0.0,0.0
9.684e-06,0.0,0.0,0.0
9.688000000000001e-06,0.0,0.0,0.0
9.692000000000001e-06,0.0,0.0,0.0
9.696e-06,0.0,0.0,0.0
9.7e-06,0.0,0.0,0.0
9.704e-06,0.0,0.0,0.0
9.708000000000001e-06,0.0,0.0,0.0
9.712000000000001e-06,0.0,0.0,0.0
9.716e-06,0.0,0.0,0.0
9.72e-06,0.0,0.0,0.0
9.724e-06,0.0,0.0,0.0
9.728e-06,0.0,0.0,0.0
9.732000000000001e-06,0.0,0.0,0.0
9.736000000000001e-06,0.0,0.0,0.0
9.74e-06,0.0,0.0,0.0
9.744e-06,0.0,0.0,0.0
9.748e-06,0.0,0.0,0.0
9.752e-06,0.0,0.0,0.0
9.756000000000001e-06,0.0,0.0,0.0
9.760000000000001e-06,0.0,0.0,0.0
9.764e-06,0.0,0.0,0.0
9.768e-06,0.0,0.0,0.0
9.772e-06,0.0,0.0,0.0
9.776000000000001e-06,0.0,0.0,0.0
9.780000000000001e-06,0.0,0.0,0.0
9.784e-06,0.0,0.0,0.0
9.788e-06,0.0,0.0,0.0
9.792e-06,0.0,0.0,0.0
9.796e-06,0.0,0.0,0.0
9.800000000000001e-06,0.0,0.0,0.0
9.804000000000001e-06,0.0,0.0,0.0
9.808e-06,0.0,0.0,0.0
9.812e-06,0.0,0.0,0.0
9.816e-06,0.0,0.0,0.0
9.820000000000001e-06,0.0,0.0,0.0
9.824000000000001e-06,0.0,0.0,0.0
9.828000000000001e-06,0.0,0.0,0.0
9.832e-06,0.0,0.0,0.0
9.836e-06,0.0,0.0,0.0
9.84e-06,0.0,0.0,0.0
9.844000000000001e-06,0.0,0.0,0.0
9.848000000000001e-06,0.0,0.0,0.0
9.852e-06,0.0,0.0,0.0
9.856e-06,0.0,0.0,0.0
9.86e-06,0.0,0.0,0.0
9.864e-06,0.0,0.0,0.0
9.868000000000001e-06,0.0,0.0,0.0
9.872000000000001e-06,0.0,0.0,0.0
9.876e-06,0.0,0.0,0.0
9.88e-06,0.0,0.0,0.0
9.884e-06,0.0,0.0,0.0
9.888000000000001e-06,0.0,0.0,0.0
9.892000000000001e-06,0.0,0.0,0.0
9.896e-06,0.0,0.0,0.0
9.9e-06,0.0,0.0,0.0
9.904e-06,0.0,0.0,0.0
9.908e-06,0.0,0.0,0.0
9.912000000000001e-06,0.0,0.0,0.0
9.916000000000001e-06,0.0,0.0,0.0
9.92e-06,0.0,0.0,0.0
9.924e-06,0.0,0.0,0.0
9.928e-06,0.0,0.0,0.0
9.932e-06,0.0,0.0,0.0
9.936000000000001e-06,0.0,0.0,0.0
9.940000000000001e-06,0.0,0.0,0.0
9.944e-06,0.0,0.0,0.0
9.948e-06,0.0,0.0,0.0
9.952e-06,0.0,0.0,0.0
9.956000000000001e-06,0.0,0.0,0.0
9.960000000000001e-06,0.0,0.0,0.0
9.964e-06,0.0,0.0,0.0
9.968e-06,0.0,0.0,0.0
9.972e-06,0.0,0.0,0.0
9.976e-06,0.0,0.0,0.0
9.980000000000001e-06,0.0,0.0,0.0
9.984000000000001e-06,0.0,0.0,0.0
9.988e-06,0.0,0.0,0.0
9.992e-06,0.0,0.0,0.0
9.996e-06,0.0,0.0,0.0
